time_s,mocap_time_s,vehicle_id,x_m,y_m,z_m,yaw_rad,target_vx_mps,target_vy_mps,target_vz_mps,measured_vx_mps,measured_vy_mps,measured_vz_mps,target_heading_rad,target_speed_mps,measured_speed_mps,speed_command_mps,angle_command,front_left_command,front_right_command,rear_left_command,rear_right_command,command_sent
0.000000,1788506798.520041943,car4,-0.658506,-0.087540,0.137543,-3.119828,0.219016,-0.023447,0.000000,0.207794,-0.101906,0.000827,0.000000,0.220268,0.231437,0.000000,0.000000,-71.186703,-35.000000,-79.421593,-35.000000,1
0.000000,1788506798.520041943,car5,-0.229540,0.366537,0.127113,2.296405,-0.219016,0.023447,0.000000,0.238353,0.011538,-0.008254,0.000000,0.220268,0.238632,0.000000,0.000000,35.000000,60.586668,100.000000,-35.000000,1
0.202102,1788506798.719907045,car4,-0.608044,-0.087265,0.136107,-2.743660,0.218112,-0.015702,0.000000,0.251716,-0.009049,-0.003906,0.000000,0.218676,0.251879,0.000000,0.000000,-81.256566,35.000000,-47.740308,-35.000000,1
0.202102,1788506798.719907045,car5,-0.186396,0.382381,0.127966,2.418459,-0.218112,0.015702,0.000000,0.220695,0.069472,0.000753,0.000000,0.218676,0.231371,0.000000,0.000000,35.000000,60.342474,100.000000,-35.000000,1
0.416272,1788506798.930010319,car4,-0.564337,-0.069049,0.136548,-2.272588,0.218221,-0.015145,0.000000,0.216002,0.087200,0.001347,0.000000,0.218746,0.232939,0.000000,0.000000,-85.879851,60.009496,35.000000,-35.000000,1
0.416272,1788506798.930010319,car5,-0.142241,0.401656,0.127452,2.519610,-0.218221,0.015145,0.000000,0.209456,0.095089,-0.001882,0.000000,0.218746,0.230030,0.000000,0.000000,35.000000,60.054057,100.000000,-35.000000,1
0.618048,1788506799.139872551,car4,-0.539575,-0.056206,0.136160,-1.854270,0.221483,-0.007008,0.000000,0.123811,0.072375,-0.000956,0.000000,0.221594,0.143413,0.000000,0.000000,-88.613026,93.928741,35.000000,-35.000000,1
0.618048,1788506799.139872551,car5,-0.100808,0.429910,0.126631,2.614171,-0.221483,0.007008,0.000000,0.201963,0.134042,-0.002722,0.000000,0.221594,0.242397,0.000000,0.000000,35.000000,60.017618,100.000000,-35.000000,1
0.819638,1788506799.340036392,car4,-0.522329,-0.057038,0.136142,-1.373125,0.224547,0.005854,0.000000,0.089341,-0.005461,-0.001271,0.000000,0.224624,0.089507,0.000000,0.000000,-70.232842,100.000000,49.509347,-35.000000,1
0.819638,1788506799.340036392,car5,-0.064875,0.454887,0.126589,2.658307,-0.224547,-0.005854,0.000000,0.181802,0.129783,-0.000874,0.000000,0.224624,0.223374,0.000000,0.000000,35.000000,60.298487,100.000000,-35.000000,1
1.022157,1788506799.544640779,car4,-0.495780,-0.059310,0.135603,-0.983064,0.225437,0.018647,0.000000,0.123769,-0.009763,-0.002208,0.000000,0.226207,0.124153,0.000000,0.000000,-46.565286,100.000000,55.099553,-35.000000,1
1.022157,1788506799.544640779,car5,-0.029177,0.479285,0.126394,2.733249,-0.225437,-0.018647,0.000000,0.175034,0.115612,-0.001724,0.000000,0.226207,0.209769,0.000000,0.000000,35.000000,60.324268,100.000000,-35.000000,1
1.224469,1788506799.749894142,car4,-0.467615,-0.065186,0.135849,-0.772373,0.225027,0.033564,0.000000,0.142520,-0.029771,0.000368,0.000000,0.227516,0.145596,0.000000,0.000000,-41.030736,100.000000,56.026179,35.000000,1
1.224469,1788506799.749894142,car5,0.004632,0.505252,0.125450,2.773735,-0.225027,-0.033564,0.000000,0.171199,0.135465,-0.003740,0.000000,0.227516,0.218312,0.000000,0.000000,35.000000,60.533836,100.000000,-35.000000,1
1.426372,1788506799.949852943,car4,-0.437714,-0.076282,0.135604,-0.366900,0.213967,0.043292,0.000000,0.147996,-0.053797,-0.000860,0.000000,0.218303,0.157470,0.000000,0.000000,-35.000000,100.000000,75.578647,35.000000,1
1.426372,1788506799.949852943,car5,-0.025306,0.507160,0.125786,2.364084,-0.213967,-0.043292,0.000000,-0.124099,0.019849,0.002525,0.000000,0.218303,0.125676,0.000000,0.000000,35.000000,59.179251,100.000000,-35.000000,1
1.628085,1788506800.148422718,car4,-0.386766,-0.082371,0.134899,-0.015953,0.190015,0.065422,0.000000,0.248972,-0.035220,-0.002962,0.000000,0.200962,0.251451,0.000000,0.000000,-35.000000,85.872640,84.596399,-35.000000,1
1.628085,1788506800.148422718,car5,-0.058966,0.530491,0.126698,2.039365,-0.190015,-0.065422,0.000000,-0.164449,0.104615,0.002497,0.000000,0.200962,0.194905,0.000000,0.000000,-35.000000,45.016377,100.000000,-82.941320,1
1.829594,1788506800.349898815,car4,-0.351146,-0.069993,0.134466,0.034348,0.171612,0.068520,0.000000,0.177693,0.057408,-0.002577,0.000000,0.184786,0.186736,0.000000,0.000000,35.000000,79.853992,82.601823,35.000000,1
1.829594,1788506800.349898815,car5,-0.075845,0.539927,0.126301,1.988536,-0.171612,-0.068520,0.000000,-0.092098,0.055468,-0.000194,0.000000,0.184786,0.107511,0.000000,0.000000,-35.000000,41.700061,100.000000,-88.368344,1
2.031105,1788506800.549973726,car4,-0.305917,-0.067047,0.133857,-0.091256,0.143311,0.080590,0.000000,0.224316,0.022100,-0.002620,0.000000,0.164417,0.225402,0.000000,0.000000,-35.000000,76.412358,69.111859,-35.000000,1
2.031105,1788506800.549973726,car5,-0.091089,0.553760,0.126439,1.843762,-0.143311,-0.080590,0.000000,-0.074270,0.061312,0.000072,0.000000,0.164417,0.096308,0.000000,0.000000,-42.039123,35.000000,77.642846,-100.000000,1
2.232885,1788506800.756747484,car4,-0.278306,-0.052412,0.133442,-0.025496,0.115487,0.086660,0.000000,0.156833,0.064739,-0.001591,0.000000,0.144386,0.169669,0.000000,0.000000,-35.000000,66.670503,64.630810,-35.000000,1
2.232885,1788506800.756747484,car5,-0.113645,0.571148,0.126516,1.634378,-0.115487,-0.086660,0.000000,-0.115760,0.090039,0.000026,0.000000,0.144386,0.146654,0.000000,0.000000,-47.443047,-35.000000,39.217355,-100.000000,1
2.434583,1788506800.959864855,car4,-0.254274,-0.036094,0.133109,-0.024341,0.091126,0.079683,0.000000,0.115206,0.075781,-0.001009,0.000000,0.121051,0.137895,0.000000,0.000000,-35.000000,59.453214,57.505900,-35.000000,1
2.434583,1788506800.959864855,car5,-0.129955,0.572613,0.127321,1.228575,-0.091126,-0.079683,0.000000,-0.077345,0.012345,0.003745,0.000000,0.121051,0.078324,0.000000,0.000000,-40.295772,-35.000000,35.000000,-100.000000,1
2.636069,1788506801.159876347,car4,-0.245603,-0.035222,0.133317,-0.036906,0.070267,0.079165,0.000000,0.051041,0.014616,-0.000170,0.000000,0.105852,0.053092,0.000000,0.000000,-35.000000,65.124026,62.171514,-35.000000,1
2.636069,1788506801.159876347,car5,-0.151872,0.570378,0.128464,0.715103,-0.070267,-0.079165,0.000000,-0.114857,-0.016784,0.003753,0.000000,0.105852,0.116077,0.000000,0.000000,-35.000000,-46.942532,35.000000,-66.364352,1
2.841751,1788506801.359838724,car4,-0.243407,-0.034646,0.133429,-0.062902,0.044876,0.083142,0.000000,0.010934,0.002297,0.000123,0.000000,0.094480,0.011172,0.000000,0.000000,-35.000000,64.753070,59.720891,-35.000000,1
2.841751,1788506801.359838724,car5,-0.184386,0.574702,0.127575,0.242746,-0.044876,-0.083142,0.000000,-0.149594,0.020197,-0.001211,0.000000,0.094480,0.150951,0.000000,0.000000,35.000000,-35.000000,-35.000000,-35.000000,1
3.054933,1788506801.579961061,car4,-0.243896,-0.034454,0.133170,-0.065452,0.124921,0.081989,0.000000,-0.001406,0.001202,-0.000938,0.000000,0.149424,0.001850,0.000000,0.000000,-35.000000,95.750682,90.514512,-35.000000,1
3.054933,1788506801.579961061,car5,-0.211430,0.572355,0.127149,-0.039419,0.075079,-0.081989,0.000000,-0.127480,-0.005366,-0.002328,0.000000,0.111171,0.127593,0.000000,0.000000,55.002656,35.000000,35.000000,58.156180,1
3.257020,1788506801.779881477,car4,-0.243520,-0.034321,0.133358,-0.059541,0.147145,0.080181,0.000000,0.001443,-0.001487,0.000417,0.000000,0.167573,0.002072,0.000000,0.000000,35.000000,100.000000,95.609548,35.000000,1
3.257020,1788506801.779881477,car5,-0.181618,0.570957,0.126601,-0.079746,0.052855,-0.080181,0.000000,0.128272,-0.009620,-0.002722,0.000000,0.096035,0.128632,0.000000,0.000000,35.000000,-35.000000,-35.000000,35.000000,1
3.458496,1788506801.979874849,car4,-0.192707,-0.034962,0.133075,-0.118025,0.136075,0.076494,0.000000,0.231140,-0.002053,-0.001275,0.000000,0.156101,0.231149,0.000000,0.000000,-35.000000,80.649216,71.207191,-35.000000,1
3.458496,1788506801.979874849,car5,-0.145765,0.564576,0.126105,-0.081471,0.063925,-0.076494,0.000000,0.188809,-0.026552,-0.002126,0.000000,0.099688,0.190667,0.000000,0.000000,35.000000,-35.000000,-35.000000,35.000000,1
3.660134,1788506802.180020571,car4,-0.153957,-0.022397,0.133075,-0.037991,0.115614,0.057410,0.000000,0.211740,0.058750,0.000414,0.000000,0.129083,0.219739,0.000000,0.000000,-35.000000,56.584322,53.545079,-35.000000,1
3.660134,1788506802.180020571,car5,-0.134058,0.550768,0.125972,-0.036496,0.084386,-0.057410,0.000000,0.065854,-0.072282,-0.001575,0.000000,0.102063,0.097783,0.000000,0.000000,35.000000,35.000000,35.000000,35.000000,1
3.861832,1788506802.379937649,car4,-0.127604,-0.009036,0.132997,-0.019543,0.115963,0.045410,0.000000,0.140172,0.069709,-0.000658,0.000000,0.124537,0.156549,0.000000,0.000000,-35.000000,56.198035,54.634604,-35.000000,1
3.861832,1788506802.379937649,car5,-0.107398,0.548445,0.125510,0.056681,0.084037,-0.045410,0.000000,0.124849,-0.016787,-0.002054,0.000000,0.095521,0.125973,0.000000,0.000000,35.000000,-35.000000,35.000000,35.000000,1
4.063871,1788506802.590191841,car4,-0.105048,0.002198,0.132943,-0.034289,0.129768,0.038363,0.000000,0.104617,0.058389,-0.000246,0.000000,0.135320,0.119808,0.000000,0.000000,35.000000,64.808539,62.065430,35.000000,1
4.063871,1788506802.590191841,car5,-0.067359,0.550768,0.125249,0.020085,0.070232,-0.038363,0.000000,0.200126,0.014845,-0.001390,0.000000,0.080026,0.200676,0.000000,0.000000,35.000000,-35.000000,-35.000000,35.000000,1
4.267928,1788506802.789948225,car4,-0.057495,0.002235,0.132922,0.057400,0.104739,0.029480,0.000000,0.226844,-0.001060,0.000001,0.000000,0.108808,0.226846,0.000000,0.000000,-35.000000,40.389126,44.981158,-35.000000,1
4.267928,1788506802.789948225,car5,-0.051543,0.539261,0.124982,0.046602,0.095261,-0.029480,0.000000,0.083851,-0.054817,-0.001324,0.000000,0.099718,0.100179,0.000000,0.000000,35.000000,35.000000,35.000000,35.000000,1
4.469597,1788506802.989994526,car4,-0.040401,0.014332,0.132513,-0.005855,0.111592,0.019950,0.000000,0.113782,0.058089,-0.001848,0.000000,0.113361,0.127753,0.000000,0.000000,35.000000,43.972918,43.504547,35.000000,1
4.469597,1788506802.989994526,car5,-0.025871,0.539341,0.125419,-0.006150,0.088408,-0.019950,0.000000,0.117234,-0.007299,0.000764,0.000000,0.090631,0.117461,0.000000,0.000000,35.000000,35.000000,35.000000,35.000000,1
4.671397,1788506803.189935207,car4,-0.022530,0.017888,0.132023,-0.019403,0.130351,0.015171,0.000000,0.079424,0.022916,-0.001693,0.000000,0.131231,0.082664,0.000000,0.000000,35.000000,59.592999,58.040773,35.000000,1
4.671397,1788506803.189935207,car5,0.015645,0.536969,0.126512,-0.049540,0.069649,-0.015171,0.000000,0.222717,-0.011282,0.007141,0.000000,0.071282,0.223002,0.000000,0.000000,-35.000000,-35.000000,-35.000000,-35.000000,1
4.873249,1788506803.389888048,car4,0.022960,0.019110,0.132193,0.121889,0.076552,0.014998,0.000000,0.228175,0.002445,-0.002377,0.000000,0.078007,0.228188,0.000000,0.000000,-35.000000,35.000000,35.000000,-35.000000,1
4.873249,1788506803.389888048,car5,-0.006472,0.537936,0.124861,-0.021189,0.123448,-0.014998,0.000000,-0.089200,0.002288,-0.006607,0.000000,0.124356,0.089229,0.000000,0.000000,41.185993,35.466051,35.000000,42.881109,1
5.086245,1788506803.610032320,car4,0.034943,0.028366,0.131702,0.134514,0.100000,0.000000,0.000000,0.056638,0.041951,-0.000100,0.000000,0.100000,0.070482,0.000000,0.000000,35.000000,35.000000,38.354792,35.000000,1
5.086245,1788506803.610032320,car5,0.023691,0.536899,0.125092,0.003485,0.100000,0.000000,0.000000,0.129830,-0.004870,0.001346,0.000000,0.100000,0.129921,0.000000,0.000000,35.000000,35.000000,35.000000,35.000000,1
5.296154,1788506803.819891214,car4,0.050490,0.030812,0.131269,0.065926,0.116012,0.005866,0.000000,0.066848,0.012450,-0.001504,0.000000,0.116160,0.067998,0.000000,0.000000,35.000000,43.833516,49.107629,35.000000,1
5.296154,1788506803.819891214,car5,0.070536,0.538156,0.124560,0.030615,0.083988,-0.005866,0.000000,0.226099,0.005200,-0.002415,0.000000,0.084193,0.226158,0.000000,0.000000,-35.000000,-35.000000,-35.000000,-35.000000,1
5.497943,1788506804.019939899,car4,0.093465,0.033861,0.130984,0.063737,0.081004,0.003931,0.000000,0.205783,0.015083,-0.002032,0.000000,0.081100,0.206335,0.000000,0.000000,-35.000000,35.000000,35.000000,-35.000000,1
5.497943,1788506804.019939899,car5,0.069673,0.538785,0.124587,0.029894,0.118996,-0.003931,0.000000,0.029181,0.004352,-0.000136,0.000000,0.119061,0.029503,0.000000,0.000000,35.000000,35.000000,35.000000,35.000000,1
5.699506,1788506804.219933033,car4,0.111244,0.045183,0.130437,0.007000,0.067071,-0.004796,0.000000,0.110118,0.052794,-0.001509,0.000000,0.067242,0.122119,0.000000,0.000000,-35.000000,35.000000,35.000000,-35.000000,1
5.699506,1788506804.219933033,car5,0.069836,0.539152,0.124131,-0.030194,0.132929,0.004796,0.000000,-0.026905,0.000442,-0.002023,0.000000,0.133016,0.026909,0.000000,0.000000,37.511513,45.423722,43.008222,39.927014,1
5.901201,1788506804.420003176,car4,0.118333,0.050861,0.130262,-0.023719,0.100000,0.000000,0.000000,0.037208,0.033360,-0.002054,0.000000,0.100000,0.049973,0.000000,0.000000,35.000000,35.000000,35.000000,35.000000,1
5.901201,1788506804.420003176,car5,0.117651,0.538757,0.125713,-0.007764,0.100000,0.000000,0.000000,0.236890,-0.001454,0.006449,0.000000,0.100000,0.236894,0.000000,0.000000,-35.000000,-35.000000,-35.000000,-35.000000,1
6.114089,1788506804.639923334,car4,0.146511,0.049896,0.130806,-0.025500,0.100000,0.000000,0.000000,0.126566,-0.003607,0.000932,0.000000,0.100000,0.126618,0.000000,0.000000,-35.000000,35.000000,35.000000,-35.000000,1
6.114089,1788506804.639923334,car5,0.141621,0.538174,0.125118,0.034660,0.100000,0.000000,0.000000,0.139442,0.001537,0.002801,0.000000,0.100000,0.139450,0.000000,0.000000,35.000000,35.000000,35.000000,35.000000,1
6.317503,1788506804.820043325,car4,0.164154,0.052969,0.130024,0.065755,0.080178,-0.012356,0.000000,0.114416,0.011966,-0.001923,0.000000,0.081125,0.115040,0.000000,0.000000,-35.000000,35.000000,35.000000,-35.000000,1
6.317503,1788506804.820043325,car5,0.139305,0.537480,0.125154,0.046994,0.119822,0.012356,0.000000,-0.060579,-0.014652,-0.006732,0.000000,0.120457,0.062326,0.000000,0.000000,38.240422,43.630107,47.389626,35.000000,1
6.519319,1788506805.039937735,car4,0.168929,0.055184,0.130080,0.063167,0.110792,-0.010542,0.000000,0.024594,0.013253,0.000528,0.000000,0.111293,0.027937,0.000000,0.000000,35.000000,35.000000,35.000000,35.000000,1
6.519319,1788506805.039937735,car5,0.182435,0.541990,0.125208,0.066452,0.089208,0.010542,0.000000,0.227092,0.024162,0.000267,0.000000,0.089829,0.228374,0.000000,0.000000,-35.000000,-35.000000,-35.000000,-35.000000,1
6.720965,1788506805.239917994,car4,0.198338,0.056054,0.130025,0.082192,0.100000,0.000000,0.000000,0.131249,0.004191,-0.000669,0.000000,0.100000,0.131315,0.000000,0.000000,35.000000,35.000000,35.000000,-35.000000,1
6.720965,1788506805.239917994,car5,0.208701,0.544902,0.125265,-0.019123,0.100000,0.000000,0.000000,0.170744,0.014818,0.005568,0.000000,0.100000,0.171385,0.000000,0.000000,-35.000000,-35.000000,-35.000000,35.000000,1
6.923122,1788506805.439988136,car4,0.237346,0.060799,0.129824,0.040701,0.065822,-0.012426,0.000000,0.200677,0.020503,-0.000975,0.000000,0.066984,0.201722,0.000000,0.000000,-35.000000,-35.000000,-35.000000,-35.000000,1
6.923122,1788506805.439988136,car5,0.194318,0.545156,0.124644,0.016602,0.134178,0.012426,0.000000,-0.091004,0.001511,-0.007665,0.000000,0.134752,0.091017,0.000000,0.000000,45.448534,50.547268,51.875464,44.120338,1
7.125361,1788506805.649985790,car4,0.226733,0.063750,0.129813,-0.043320,0.106516,-0.014208,0.000000,-0.040106,0.013854,-0.000550,0.000000,0.107459,0.042432,0.000000,0.000000,35.000000,37.893016,35.000000,35.000000,1
7.125361,1788506805.649985790,car5,0.234889,0.545967,0.125158,0.053782,0.093484,0.014208,0.000000,0.186292,0.001525,0.002684,0.000000,0.094558,0.186298,0.000000,0.000000,35.000000,35.000000,35.000000,-35.000000,1
7.327292,1788506805.849949837,car4,0.250122,0.063601,0.129539,-0.020577,0.122177,-0.011003,0.000000,0.098797,0.001001,-0.001514,0.000000,0.122671,0.098802,0.000000,0.000000,35.000000,35.000000,35.000000,35.000000,1
7.327292,1788506805.849949837,car5,0.277934,0.549802,0.126141,0.109935,0.077823,0.011003,0.000000,0.226630,0.019359,0.004198,0.000000,0.078597,0.227456,0.000000,0.000000,-35.000000,-35.000000,-35.000000,-35.000000,1
7.528909,1788506806.050024271,car4,0.284781,0.066114,0.129372,0.082044,0.083166,-0.011818,0.000000,0.171912,0.010197,-0.000430,0.000000,0.084001,0.172214,0.000000,0.000000,35.000000,35.000000,35.000000,-35.000000,1
7.528909,1788506806.050024271,car5,0.263690,0.551308,0.124587,0.002584,0.116834,0.011818,0.000000,-0.059494,0.007727,-0.006967,0.000000,0.117430,0.059993,0.000000,0.000000,35.000000,39.386638,39.593341,35.000000,1
7.730865,1788506806.249916315,car4,0.302697,0.070619,0.129223,-0.064234,0.092014,-0.015112,0.000000,0.115414,0.022599,-0.000466,0.000000,0.093246,0.117606,0.000000,0.000000,35.000000,35.000000,35.000000,35.000000,1
7.730865,1788506806.249916315,car5,0.292698,0.551699,0.125124,0.005287,0.107986,0.015112,0.000000,0.123476,0.002461,0.001546,0.000000,0.109039,0.123501,0.000000,0.000000,35.000000,35.000000,35.000000,35.000000,1
7.932900,1788506806.449935436,car4,0.301429,0.071628,0.129358,-0.070798,0.128186,-0.015102,0.000000,-0.024482,0.008228,0.000094,0.000000,0.129073,0.025828,0.000000,0.000000,35.000000,47.025862,41.361993,40.268978,1
7.932900,1788506806.449935436,car5,0.336856,0.552647,0.125515,0.033469,0.071814,0.015102,0.000000,0.224941,0.004024,0.002611,0.000000,0.073384,0.224977,0.000000,0.000000,-35.000000,-35.000000,-35.000000,-35.000000,1
8.135367,1788506806.660090208,car4,0.343258,0.069495,0.129357,-0.045555,0.100000,0.000000,0.000000,0.192527,-0.006988,-0.000713,0.000000,0.100000,0.192654,0.000000,0.000000,-35.000000,35.000000,35.000000,35.000000,1
8.135367,1788506806.660090208,car5,0.329371,0.557194,0.124414,0.017640,0.100000,0.000000,0.000000,-0.028838,0.020156,-0.003991,0.000000,0.100000,0.035183,0.000000,0.000000,35.000000,35.000000,35.000000,35.000000,1
8.336999,1788506806.860170364,car4,0.360066,0.070532,0.129416,0.022454,0.100000,0.000000,0.000000,0.107655,0.004306,0.000807,0.000000,0.100000,0.107741,0.000000,0.000000,35.000000,35.000000,35.000000,35.000000,1
8.336999,1788506806.860170364,car5,0.351002,0.557810,0.124922,-0.020517,0.100000,0.000000,0.000000,0.088342,0.003957,0.000955,0.000000,0.100000,0.088431,0.000000,0.000000,35.000000,35.000000,35.000000,35.000000,1
8.540274,1788506807.060003042,car4,0.369035,0.071346,0.129306,0.004959,0.120795,-0.010897,0.000000,0.028103,0.002831,-0.000224,0.000000,0.121285,0.028245,0.000000,0.000000,35.000000,35.000000,35.000000,35.000000,1
8.540274,1788506807.060003042,car5,0.395105,0.557685,0.124818,0.006055,0.079205,0.010897,0.000000,0.218897,-0.000879,-0.000030,0.000000,0.079951,0.218899,0.000000,0.000000,-35.000000,-35.000000,-35.000000,-35.000000,1
8.745168,1788506807.269922018,car4,0.401602,0.072183,0.129576,0.046114,0.100000,0.000000,0.000000,0.152881,0.002517,0.001430,0.000000,0.100000,0.152902,0.000000,0.000000,35.000000,35.000000,35.000000,35.000000,1
8.745168,1788506807.269922018,car5,0.398979,0.560271,0.125011,0.019346,0.100000,0.000000,0.000000,0.039839,0.014477,0.000229,0.000000,0.100000,0.042388,0.000000,0.000000,35.000000,35.000000,35.000000,35.000000,1
8.946865,1788506807.469903708,car4,0.445732,0.072321,0.130657,-0.020054,0.065248,-0.008697,0.000000,0.219252,0.000185,0.003409,0.000000,0.065825,0.219253,0.000000,0.000000,-35.000000,-35.000000,-35.000000,-35.000000,1
8.946865,1788506807.469903708,car5,0.401990,0.561374,0.124574,0.004856,0.134752,0.008697,0.000000,-0.010523,0.003653,-0.001121,0.000000,0.135033,0.011139,0.000000,0.000000,35.695681,44.046881,44.435370,35.307192,1
9.157369,1788506807.680027246,car4,0.421957,0.076466,0.129720,0.037621,0.119087,-0.011716,0.000000,-0.101851,0.018428,-0.003406,0.000000,0.119662,0.103504,0.000000,0.000000,47.878050,36.089907,39.099563,44.868394,1
9.157369,1788506807.680027246,car5,0.445880,0.561781,0.124696,0.021269,0.080913,0.011716,0.000000,0.207160,0.001092,0.000684,0.000000,0.081757,0.207162,0.000000,0.000000,-35.000000,35.000000,35.000000,-35.000000,1
9.360210,1788506807.879956961,car4,0.445295,0.076309,0.129826,0.029639,0.122062,-0.006198,0.000000,0.082306,0.000286,0.000616,0.000000,0.122219,0.082307,0.000000,0.000000,35.000000,35.000000,35.000000,35.000000,1
9.360210,1788506807.879956961,car5,0.472950,0.568539,0.125238,-0.033924,0.077938,0.006198,0.000000,0.178330,0.034622,0.005202,0.000000,0.078184,0.181659,0.000000,0.000000,-35.000000,-35.000000,-35.000000,-35.000000,1
9.562183,1788506808.079980612,car4,0.491579,0.077587,0.129576,0.050378,0.073006,-0.005795,0.000000,0.228159,0.007101,-0.001510,0.000000,0.073236,0.228270,0.000000,0.000000,-35.000000,-35.000000,-35.000000,-35.000000,1
9.562183,1788506808.079980612,car5,0.457699,0.570314,0.124647,-0.090746,0.126994,0.005795,0.000000,-0.091251,0.010157,-0.005765,0.000000,0.127126,0.091815,0.000000,0.000000,35.000000,54.344785,47.085115,40.395906,1
9.772604,1788506808.289913177,car4,0.490362,0.078110,0.129440,0.037691,0.100000,0.000000,0.000000,0.013826,0.003054,-0.000517,0.000000,0.100000,0.014159,0.000000,0.000000,35.000000,35.000000,35.000000,35.000000,1
9.772604,1788506808.289913177,car5,0.495864,0.568357,0.124983,-0.036571,0.100000,0.000000,0.000000,0.173595,-0.008803,0.002147,0.000000,0.100000,0.173818,0.000000,0.000000,35.000000,35.000000,35.000000,35.000000,1
9.975095,1788506808.490031719,car4,0.500839,0.078455,0.129710,0.043199,0.131496,-0.006896,0.000000,0.031501,0.000343,0.001379,0.000000,0.131676,0.031503,0.000000,0.000000,42.138944,35.000000,36.697285,38.683030,1
9.975095,1788506808.490031719,car5,0.540429,0.569786,0.126020,0.010497,0.068504,0.006896,0.000000,0.231633,0.002353,0.004496,0.000000,0.068851,0.231645,0.000000,0.000000,-35.000000,-35.000000,-35.000000,-35.000000,1
10.177781,1788506808.689922571,car4,0.544562,0.080954,0.130418,0.064275,0.081438,-0.008518,0.000000,0.215941,0.013363,0.002379,0.000000,0.081883,0.216354,0.000000,0.000000,35.000000,-35.000000,-35.000000,-35.000000,1
10.177781,1788506808.689922571,car5,0.521308,0.570283,0.124488,-0.023110,0.118562,0.008518,0.000000,-0.073233,0.005813,-0.006294,0.000000,0.118867,0.073464,0.000000,0.000000,35.000000,43.958847,42.110082,35.000000,1
10.379604,1788506808.899913549,car4,0.568120,0.084394,0.130785,-0.070385,0.083862,-0.011451,0.000000,0.140669,0.017511,0.001419,0.000000,0.084640,0.141754,0.000000,0.000000,35.000000,-35.000000,-35.000000,35.000000,1
10.379604,1788506808.899913549,car5,0.547905,0.570051,0.125344,-0.008648,0.116138,0.011451,0.000000,0.114709,-0.000387,0.003025,0.000000,0.116701,0.114710,0.000000,0.000000,35.000000,35.000000,35.000000,35.000000,1
10.581405,1788506809.099923372,car4,0.564393,0.084537,0.130664,0.000868,0.126468,-0.010489,0.000000,-0.034274,0.001637,-0.000343,0.000000,0.126902,0.034313,0.000000,0.000000,45.360248,35.753929,35.823337,45.290840,1
10.581405,1788506809.099923372,car5,0.597622,0.571368,0.125162,0.018989,0.073532,0.010489,0.000000,0.245958,0.005173,0.000857,0.000000,0.074276,0.246012,0.000000,0.000000,-35.000000,-35.000000,-35.000000,-35.000000,1
10.784414,1788506809.309997559,car4,0.603959,0.084037,0.130571,0.005138,0.100000,0.000000,0.000000,0.182440,-0.001323,0.000368,0.000000,0.100000,0.182445,0.000000,0.000000,35.000000,35.000000,35.000000,35.000000,1
10.784414,1788506809.309997559,car5,0.600389,0.573968,0.125291,0.022576,0.100000,0.000000,0.000000,0.023846,0.014155,-0.000560,0.000000,0.100000,0.027731,0.000000,0.000000,35.000000,35.000000,35.000000,35.000000,1
10.986580,1788506809.510118246,car4,0.628825,0.083909,0.131079,0.037698,0.080712,-0.007807,0.000000,0.148359,-0.003644,0.002386,0.000000,0.081088,0.148403,0.000000,0.000000,35.000000,-35.000000,-35.000000,35.000000,1
10.986580,1788506809.510118246,car5,0.604658,0.574128,0.124957,0.031417,0.119288,0.007807,0.000000,0.007000,0.000701,-0.001502,0.000000,0.119544,0.007035,0.000000,0.000000,35.000000,36.401956,38.915285,35.000000,1
11.188491,1788506809.699881554,car4,0.622398,0.084147,0.130623,0.044847,0.116640,-0.006499,0.000000,-0.061221,0.000176,-0.003786,0.000000,0.116821,0.061221,0.000000,0.000000,48.561132,35.000000,36.709217,44.973371,1
11.188491,1788506809.699881554,car5,0.643234,0.576009,0.125353,0.043933,0.083360,0.006499,0.000000,0.198727,0.009612,0.001384,0.000000,0.083613,0.198959,0.000000,0.000000,-35.000000,-35.000000,35.000000,-35.000000,1
11.390688,1788506809.910004377,car4,0.656026,0.085053,0.131174,0.058090,0.100000,0.000000,0.000000,0.156495,0.005247,0.003203,0.000000,0.100000,0.156582,0.000000,0.000000,35.000000,35.000000,35.000000,35.000000,1
11.390688,1788506809.910004377,car5,0.671809,0.581523,0.125704,0.026289,0.100000,0.000000,0.000000,0.166432,0.027630,0.005405,0.000000,0.100000,0.168710,0.000000,0.000000,35.000000,-35.000000,-35.000000,-35.000000,1
11.592395,1788506810.109961510,car4,0.701574,0.087111,0.131377,-0.006599,0.064622,-0.002763,0.000000,0.219840,0.010995,0.000903,0.000000,0.064681,0.220114,0.000000,0.000000,-35.000000,-35.000000,-35.000000,-35.000000,1
11.592395,1788506810.109961510,car5,0.657051,0.583634,0.125016,-0.065063,0.135378,0.002763,0.000000,-0.082947,0.011205,-0.005288,0.000000,0.135406,0.083701,0.000000,0.000000,38.550919,54.270882,49.065864,43.755936,1
11.795043,1788506810.320924282,car4,0.688477,0.087898,0.131362,-0.016711,0.100000,0.000000,0.000000,-0.045629,0.004916,-0.000138,0.000000,0.100000,0.045894,0.000000,0.000000,35.000000,35.000000,35.000000,35.000000,1
11.795043,1788506810.320924282,car5,0.699378,0.582595,0.125937,-0.037759,0.100000,0.000000,0.000000,0.191707,-0.006988,0.004454,0.000000,0.100000,0.191834,0.000000,0.000000,-35.000000,35.000000,35.000000,35.000000,1
11.996689,1788506810.509946823,car4,0.698193,0.087084,0.130828,0.002372,0.131617,-0.006171,0.000000,0.008933,-0.004932,-0.001995,0.000000,0.131762,0.010205,0.000000,0.000000,46.919883,37.285873,37.475598,46.730158,1
11.996689,1788506810.509946823,car5,0.737935,0.579327,0.128564,0.071239,0.068383,0.006171,0.000000,0.234457,-0.010122,0.012336,0.000000,0.068661,0.234675,0.000000,0.000000,-35.000000,-35.000000,-35.000000,-35.000000,1
12.198716,1788506810.719954252,car4,0.746202,0.088151,0.131638,0.041087,0.073507,-0.006479,0.000000,0.228740,0.004021,0.002152,0.000000,0.073792,0.228775,0.000000,0.000000,35.000000,-35.000000,-35.000000,-35.000000,1
12.198716,1788506810.719954252,car5,0.712954,0.580020,0.125297,0.072351,0.126493,0.006479,0.000000,-0.121274,0.002061,-0.014788,0.000000,0.126659,0.121292,0.000000,0.000000,49.370924,46.641591,52.429638,43.582878,1
12.400553,1788506810.919974089,car4,0.764650,0.087008,0.131733,-0.047170,0.084204,-0.004173,0.000000,0.133953,-0.006070,0.001128,0.000000,0.084307,0.134091,0.000000,0.000000,35.000000,35.000000,-35.000000,35.000000,1
12.400553,1788506810.919974089,car5,0.744877,0.581784,0.126072,0.063848,0.115796,0.004173,0.000000,0.139672,0.008816,0.002370,0.000000,0.115871,0.139950,0.000000,0.000000,35.000000,35.000000,35.000000,35.000000,1
12.602256,1788506811.119879723,car4,0.760903,0.087290,0.131684,-0.000689,0.128245,-0.001845,0.000000,-0.031958,0.001509,-0.001019,0.000000,0.128258,0.031994,0.000000,0.000000,46.875530,38.337655,38.282555,46.930630,1
12.602256,1788506811.119879723,car5,0.796360,0.584973,0.126481,0.087256,0.071755,0.001845,0.000000,0.247595,0.014963,0.001629,0.000000,0.071779,0.248047,0.000000,0.000000,-35.000000,-35.000000,-35.000000,-35.000000,1
12.804871,1788506811.320048571,car4,0.796053,0.087159,0.131941,0.012129,0.100000,0.000000,0.000000,0.168304,-0.001311,0.001261,0.000000,0.100000,0.168310,0.000000,0.000000,35.000000,35.000000,35.000000,35.000000,1
12.804871,1788506811.320048571,car5,0.791849,0.585034,0.126357,0.083813,0.100000,0.000000,0.000000,0.005332,0.002459,0.000053,0.000000,0.100000,0.005872,0.000000,0.000000,35.000000,35.000000,35.000000,35.000000,1
13.006839,1788506811.530039549,car4,0.833823,0.085903,0.132121,0.006475,0.078157,0.000923,0.000000,0.200509,-0.003176,0.000882,0.000000,0.078162,0.200534,0.000000,0.000000,-35.000000,-35.000000,-35.000000,-35.000000,1
13.006839,1788506811.530039549,car5,0.806449,0.587060,0.126003,0.073346,0.121843,-0.000923,0.000000,0.055699,0.008250,-0.001571,0.000000,0.121847,0.056306,0.000000,0.000000,35.000000,35.000000,35.000000,35.000000,1
13.208980,1788506811.734842539,car4,0.819003,0.085102,0.131988,0.021178,0.125748,0.003931,0.000000,-0.064904,-0.004422,-0.000307,0.000000,0.125810,0.065055,0.000000,0.000000,46.219392,39.758030,41.452309,44.525113,1
13.208980,1788506811.734842539,car5,0.851306,0.590034,0.126617,0.068174,0.074252,-0.003931,0.000000,0.214166,0.015594,0.001657,0.000000,0.074356,0.214733,0.000000,0.000000,-35.000000,-35.000000,-35.000000,-35.000000,1
13.411684,1788506811.920001268,car4,0.848523,0.086321,0.132150,0.020118,0.115028,0.004687,0.000000,0.129070,0.005516,0.000181,0.000000,0.115123,0.129188,0.000000,0.000000,35.000000,35.000000,35.000000,35.000000,1
13.411684,1788506811.920001268,car5,0.867333,0.592188,0.126264,0.060789,0.084972,-0.004687,0.000000,0.131753,0.015818,0.002636,0.000000,0.085101,0.132699,0.000000,0.000000,35.000000,-35.000000,-35.000000,-35.000000,1
13.614873,1788506812.140120506,car4,0.902695,0.086382,0.132311,0.005101,0.060339,0.005880,0.000000,0.246392,0.000910,0.000477,0.000000,0.060625,0.246394,0.000000,0.000000,-35.000000,-35.000000,-35.000000,-35.000000,1
13.614873,1788506812.140120506,car5,0.852687,0.593796,0.126167,-0.060483,0.139661,-0.005880,0.000000,-0.080902,0.009143,-0.003572,0.000000,0.139785,0.081417,0.000000,0.000000,44.860997,52.097073,47.258473,49.699597,1
13.816458,1788506812.339939356,car4,0.896388,0.090166,0.132261,-0.107954,0.100000,0.000000,0.000000,0.010209,0.017096,0.000096,0.000000,0.100000,0.019912,0.000000,0.000000,35.000000,35.000000,35.000000,35.000000,1
13.816458,1788506812.339939356,car5,0.891011,0.591283,0.126949,-0.026359,0.100000,0.000000,0.000000,0.175179,-0.011935,0.003438,0.000000,0.100000,0.175585,0.000000,0.000000,35.000000,35.000000,35.000000,35.000000,1
14.018548,1788506812.539938927,car4,0.905328,0.089121,0.132321,-0.044443,0.127873,0.003047,0.000000,0.021137,-0.002591,-0.000438,0.000000,0.127909,0.021295,0.000000,0.000000,36.042338,38.644737,35.089268,39.597807,1
14.018548,1788506812.539938927,car5,0.940317,0.592947,0.127984,0.005472,0.072127,-0.003047,0.000000,0.251343,0.003533,0.004963,0.000000,0.072191,0.251368,0.000000,0.000000,-35.000000,-35.000000,-35.000000,-35.000000,1
14.220385,1788506812.740186214,car4,0.941298,0.087646,0.132662,0.013852,0.100000,0.000000,0.000000,0.177179,-0.009277,0.000545,0.000000,0.100000,0.177421,0.000000,0.000000,35.000000,35.000000,35.000000,35.000000,1
14.220385,1788506812.740186214,car5,0.924720,0.594599,0.126885,-0.032248,0.100000,0.000000,0.000000,-0.056900,0.010699,-0.004395,0.000000,0.100000,0.057897,0.000000,0.000000,35.000000,35.000000,35.000000,35.000000,1
14.422464,1788506812.929937363,car4,0.981927,0.087593,0.133979,0.003343,0.068822,0.005020,0.000000,0.215593,0.002360,0.004745,0.000000,0.069004,0.215606,0.000000,0.000000,-35.000000,-35.000000,-35.000000,-35.000000,1
14.422464,1788506812.929937363,car5,0.942745,0.593902,0.126656,-0.041201,0.131178,-0.005020,0.000000,0.057450,-0.002075,-0.001432,0.000000,0.131275,0.057487,0.000000,0.000000,35.000000,35.000000,35.000000,35.000000,1
14.624730,1788506813.150088072,car4,0.957630,0.088190,0.132391,0.008314,0.127718,0.004727,0.000000,-0.120704,0.002079,-0.004322,0.000000,0.127806,0.120722,0.000000,0.000000,52.853724,48.828329,49.493459,52.188594,1
14.624730,1788506813.150088072,car5,0.992425,0.594123,0.126322,0.012351,0.072282,-0.004727,0.000000,0.228005,0.000104,-0.001536,0.000000,0.072436,0.228005,0.000000,0.000000,-35.000000,-35.000000,-35.000000,-35.000000,1
14.826424,1788506813.350045681,car4,0.993861,0.087236,0.132754,-0.025894,0.100000,0.000000,0.000000,0.159913,-0.004544,0.001297,0.000000,0.100000,0.159978,0.000000,0.000000,35.000000,35.000000,35.000000,35.000000,1
14.826424,1788506813.350045681,car5,1.011073,0.592566,0.126702,0.056296,0.100000,0.000000,0.000000,0.142342,-0.004370,0.005110,0.000000,0.100000,0.142409,0.000000,0.000000,35.000000,-35.000000,35.000000,-35.000000,1
15.028258,1788506813.549979210,car4,1.042987,0.085503,0.133829,-0.007945,0.069366,0.007972,0.000000,0.248935,-0.008608,0.002414,0.000000,0.069822,0.249083,0.000000,0.000000,-35.000000,-35.000000,-35.000000,-35.000000,1
15.028258,1788506813.549979210,car5,1.004488,0.595521,0.126729,-0.083193,0.130634,-0.007972,0.000000,-0.058720,0.012053,-0.003526,0.000000,0.130877,0.059944,0.000000,0.000000,38.013905,46.170340,39.514936,44.669309,1
15.230634,1788506813.750266314,car4,1.022414,0.086490,0.132778,-0.017682,0.116263,0.005110,0.000000,-0.081768,0.003592,-0.001809,0.000000,0.116376,0.081846,0.000000,0.000000,40.014860,42.929371,41.514780,41.429451,1
15.230634,1788506813.750266314,car5,1.042775,0.592887,0.127246,-0.032620,0.083737,-0.005110,0.000000,0.179620,-0.010691,0.002617,0.000000,0.083892,0.179938,0.000000,0.000000,-35.000000,35.000000,-35.000000,35.000000,1
15.432652,1788506813.949907541,car4,1.046492,0.085723,0.132754,0.023978,0.118118,0.001818,0.000000,0.091657,-0.001331,-0.000237,0.000000,0.118132,0.091667,0.000000,0.000000,35.000000,35.000000,35.000000,35.000000,1
15.432652,1788506813.949907541,car5,1.069179,0.588000,0.127493,0.138888,0.081882,-0.001818,0.000000,0.167027,-0.025216,0.004892,0.000000,0.081902,0.168920,0.000000,0.000000,-35.000000,-35.000000,35.000000,-35.000000,1
15.635587,1788506814.160207510,car4,1.088035,0.086946,0.132832,0.088251,0.075513,0.000753,0.000000,0.196976,0.006137,0.000523,0.000000,0.075517,0.197072,0.000000,0.000000,35.000000,-35.000000,35.000000,-35.000000,1
15.635587,1788506814.160207510,car5,1.057328,0.587890,0.128701,0.098820,0.124487,-0.000753,0.000000,-0.070105,-0.000717,0.003256,0.000000,0.124489,0.070109,0.000000,0.000000,48.967419,35.000000,42.536377,41.061838,1
15.837808,1788506814.359993219,car4,1.111503,0.091879,0.133341,-0.193722,0.083233,0.000461,0.000000,0.136503,0.023311,0.002486,0.000000,0.083234,0.138479,0.000000,0.000000,-35.000000,35.000000,-35.000000,35.000000,1
15.837808,1788506814.359993219,car5,1.090513,0.592456,0.127142,0.090915,0.116767,-0.000461,0.000000,0.155604,0.024557,-0.013139,0.000000,0.116768,0.157530,0.000000,0.000000,35.000000,35.000000,35.000000,35.000000,1
16.039866,1788506814.560148954,car4,1.107955,0.091518,0.133109,-0.116752,0.127640,0.004998,0.000000,-0.034800,0.002456,-0.001180,0.000000,0.127738,0.034887,0.000000,0.000000,35.000000,51.079486,41.739363,41.934096,1
16.039866,1788506814.560148954,car5,1.142651,0.597793,0.127232,0.032036,0.072360,-0.004998,0.000000,0.259135,0.022877,0.008354,0.000000,0.072532,0.260143,0.000000,0.000000,-35.000000,-35.000000,-35.000000,-35.000000,1
16.241621,1788506814.759975672,car4,1.142928,0.087848,0.133610,-0.078909,0.100000,0.000000,0.000000,0.174634,-0.019141,0.000987,0.000000,0.100000,0.175680,0.000000,0.000000,35.000000,35.000000,35.000000,35.000000,1
16.241621,1788506814.759975672,car5,1.140368,0.602240,0.126932,-0.075679,0.100000,0.000000,0.000000,0.035139,0.022319,-0.000126,0.000000,0.100000,0.041628,0.000000,0.000000,35.000000,35.000000,35.000000,35.000000,1
16.453119,1788506814.970038414,car4,1.180498,0.089056,0.133546,0.109296,0.072509,0.008524,0.000000,0.183417,0.003641,-0.001561,0.000000,0.073008,0.183453,0.000000,0.000000,-35.000000,-35.000000,35.000000,-35.000000,1
16.453119,1788506814.970038414,car5,1.145980,0.599758,0.127028,-0.005835,0.127491,-0.008524,0.000000,0.019126,-0.010869,0.000212,0.000000,0.127776,0.021998,0.000000,0.000000,36.997786,35.000000,35.000000,37.464563,1
16.655729,1788506815.180018902,car4,1.176143,0.090141,0.133180,0.033937,0.100000,0.000000,0.000000,-0.019921,0.007979,-0.001224,0.000000,0.100000,0.021459,0.000000,0.000000,35.000000,35.000000,35.000000,35.000000,1
16.655729,1788506815.180018902,car5,1.188749,0.601042,0.126049,0.033702,0.100000,0.000000,0.000000,0.205453,0.002472,-0.002708,0.000000,0.100000,0.205468,0.000000,0.000000,35.000000,-35.000000,-35.000000,35.000000,1
16.857591,1788506815.379978895,car4,1.204869,0.090818,0.132872,0.038862,0.114739,0.009205,0.000000,0.131835,0.001804,-0.000597,0.000000,0.115107,0.131848,0.000000,0.000000,35.000000,35.000000,35.000000,35.000000,1
16.857591,1788506815.379978895,car5,1.223322,0.602342,0.126475,-0.081145,0.085261,-0.009205,0.000000,0.190237,0.007701,0.003535,0.000000,0.085757,0.190393,0.000000,0.000000,-35.000000,-35.000000,-35.000000,35.000000,1
17.059764,1788506815.579888821,car4,1.245370,0.092070,0.132345,0.028703,0.072253,0.005563,0.000000,0.201858,0.007093,-0.002619,0.000000,0.072467,0.201982,0.000000,0.000000,-35.000000,-35.000000,-35.000000,-35.000000,1
17.059764,1788506815.579888821,car5,1.210537,0.599053,0.125755,0.020401,0.127747,-0.005563,0.000000,-0.066316,-0.012471,-0.004676,0.000000,0.127868,0.067479,0.000000,0.000000,44.713194,35.000000,35.921456,43.081129,1
17.261518,1788506815.779977798,car4,1.243859,0.092730,0.132294,0.007079,0.100000,0.000000,0.000000,0.012239,0.003792,-0.000037,0.000000,0.100000,0.012813,0.000000,0.000000,35.000000,35.000000,35.000000,35.000000,1
17.261518,1788506815.779977798,car5,1.241951,0.601031,0.125656,0.058721,0.100000,0.000000,0.000000,0.144850,0.008329,-0.000306,0.000000,0.100000,0.145089,0.000000,0.000000,35.000000,35.000000,35.000000,35.000000,1
17.464033,1788506815.989988327,car4,1.253062,0.093219,0.132650,0.008189,0.132637,0.008856,0.000000,0.030865,0.000275,-0.000159,0.000000,0.132932,0.030866,0.000000,0.000000,35.000000,38.791650,39.446765,35.000000,1
17.464033,1788506815.989988327,car5,1.294110,0.604357,0.127664,-0.051358,0.067363,-0.008856,0.000000,0.255903,0.010779,0.008179,0.000000,0.067943,0.256130,0.000000,0.000000,-35.000000,-35.000000,-35.000000,-35.000000,1
17.665624,1788506816.189916372,car4,1.295217,0.094657,0.131920,0.075460,0.088551,0.012010,0.000000,0.204831,0.008507,-0.001770,0.000000,0.089362,0.205007,0.000000,0.000000,35.000000,-35.000000,35.000000,-35.000000,1
17.665624,1788506816.189916372,car5,1.280885,0.609692,0.125530,-0.112317,0.111449,-0.012010,0.000000,-0.041361,0.027456,-0.006836,0.000000,0.112094,0.049645,0.000000,0.000000,35.000000,35.000000,35.000000,40.198551,1
17.867555,1788506816.389910221,car4,1.320184,0.094636,0.131799,0.033685,0.082419,0.008698,0.000000,0.156838,0.000668,0.002482,0.000000,0.082877,0.156839,0.000000,0.000000,-35.000000,-35.000000,35.000000,-35.000000,1
17.867555,1788506816.389910221,car5,1.298163,0.605530,0.126896,-0.025137,0.117581,-0.008698,0.000000,0.061654,-0.017744,0.003913,0.000000,0.117902,0.064157,0.000000,0.000000,35.000000,35.000000,35.000000,35.000000,1
18.069491,1788506816.590039730,car4,1.311179,0.095209,0.131945,0.024306,0.126355,0.007699,0.000000,-0.070122,0.002465,-0.003046,0.000000,0.126589,0.070165,0.000000,0.000000,44.181119,45.109536,47.054041,42.236614,1
18.069491,1788506816.590039730,car5,1.344256,0.604871,0.125956,-0.011625,0.073645,-0.007699,0.000000,0.229639,-0.005002,-0.004434,0.000000,0.074047,0.229693,0.000000,0.000000,-35.000000,-35.000000,-35.000000,-35.000000,1
18.271233,1788506816.790041685,car4,1.351470,0.095950,0.131258,0.009784,0.100000,0.000000,0.000000,0.189546,0.003209,-0.002138,0.000000,0.100000,0.189573,0.000000,0.000000,35.000000,35.000000,35.000000,35.000000,1
18.271233,1788506816.790041685,car5,1.350281,0.604400,0.126447,-0.031339,0.100000,0.000000,0.000000,0.058095,-0.001644,0.000607,0.000000,0.100000,0.058118,0.000000,0.000000,35.000000,35.000000,35.000000,35.000000,1
18.473090,1788506816.989934206,car4,1.396421,0.097241,0.132117,0.017039,0.065001,0.006424,0.000000,0.232424,0.005187,0.000660,0.000000,0.065317,0.232482,0.000000,0.000000,-35.000000,-35.000000,-35.000000,-35.000000,1
18.473090,1788506816.989934206,car5,1.352373,0.605326,0.126035,-0.011940,0.134999,-0.006424,0.000000,-0.010623,0.005342,-0.001245,0.000000,0.135152,0.011891,0.000000,0.000000,45.484411,35.000000,35.000000,46.439641,1
18.675825,1788506817.199923277,car4,1.374742,0.097085,0.131708,0.003760,0.115201,0.006553,0.000000,-0.097251,-0.000021,-0.001821,0.000000,0.115387,0.097251,0.000000,0.000000,37.904933,43.070236,43.371076,37.604093,1
18.675825,1788506817.199923277,car5,1.393771,0.605288,0.125187,0.008005,0.084799,-0.006553,0.000000,0.194097,-0.001508,-0.002696,0.000000,0.085052,0.194103,0.000000,0.000000,35.000000,-35.000000,-35.000000,35.000000,1
18.877859,1788506817.395038128,car4,1.400383,0.097733,0.130860,0.042218,0.129860,0.006316,0.000000,0.111092,0.003161,-0.002871,0.000000,0.130013,0.111137,0.000000,0.000000,35.000000,35.000000,35.000000,35.000000,1
18.877859,1788506817.395038128,car5,1.437895,0.605668,0.126914,0.029429,0.070140,-0.006316,0.000000,0.272393,0.006006,0.004060,0.000000,0.070424,0.272459,0.000000,0.000000,-35.000000,-35.000000,-35.000000,-35.000000,1
19.079812,1788506817.601503849,car4,1.440178,0.099624,0.130857,0.069590,0.077622,0.005311,0.000000,0.193799,0.008351,-0.001654,0.000000,0.077804,0.193979,0.000000,0.000000,-35.000000,-35.000000,35.000000,-35.000000,1
19.079812,1788506817.601503849,car5,1.412127,0.606281,0.124755,-0.005031,0.122378,-0.005311,0.000000,-0.134280,0.002191,-0.010633,0.000000,0.122493,0.134298,0.000000,0.000000,49.511993,35.000000,35.000000,49.914491,1
19.281967,1788506817.799962044,car4,1.460989,0.100820,0.129712,0.060156,0.081361,0.003637,0.000000,0.155766,0.009589,-0.000614,0.000000,0.081442,0.156061,0.000000,0.000000,-35.000000,-35.000000,-35.000000,-35.000000,1
19.281967,1788506817.799962044,car5,1.437645,0.605375,0.125536,0.018016,0.118639,-0.003637,0.000000,0.096408,-0.002625,-0.000417,0.000000,0.118695,0.096444,0.000000,0.000000,35.000000,35.000000,35.000000,35.000000,1
19.484626,1788506818.009970427,car4,1.456667,0.101311,0.130729,0.058655,0.122668,0.002790,0.000000,-0.043621,0.000880,0.001715,0.000000,0.122700,0.043630,0.000000,0.000000,43.015017,36.094712,40.787149,38.322581,1
19.484626,1788506818.009970427,car5,1.485081,0.604807,0.124783,0.007978,0.077332,-0.002790,0.000000,0.233612,-0.000340,-0.002091,0.000000,0.077382,0.233613,0.000000,0.000000,-35.000000,-35.000000,-35.000000,-35.000000,1
19.686623,1788506818.209916830,car4,1.496699,0.103148,0.130001,0.069354,0.100000,0.000000,0.000000,0.198842,0.009642,-0.005055,0.000000,0.100000,0.199076,0.000000,0.000000,35.000000,-35.000000,35.000000,35.000000,1
19.686623,1788506818.209916830,car5,1.479260,0.601198,0.125081,0.004460,0.100000,0.000000,0.000000,-0.007261,-0.021358,0.001128,0.000000,0.100000,0.022558,0.000000,0.000000,35.000000,35.000000,35.000000,35.000000,1
19.888285,1788506818.409929752,car4,1.514595,0.104720,0.129278,0.065812,0.100000,0.000000,0.000000,0.120236,0.010398,-0.002025,0.000000,0.100000,0.120684,0.000000,0.000000,35.000000,35.000000,35.000000,35.000000,1
19.888285,1788506818.409929752,car5,1.497787,0.601490,0.123963,-0.043638,0.100000,0.000000,0.000000,0.073625,0.000086,-0.002279,0.000000,0.100000,0.073626,0.000000,0.000000,35.000000,35.000000,35.000000,35.000000,1
20.089970,1788506818.609962463,car4,1.515928,0.104576,0.129782,0.083199,0.119232,-0.003694,0.000000,-0.020193,-0.002322,-0.001355,0.000000,0.119290,0.020326,0.000000,0.000000,43.248937,35.000000,35.000000,36.593055,1
20.089970,1788506818.609962463,car5,1.540018,0.599948,0.124780,-0.021909,0.080768,0.003694,0.000000,0.212787,-0.005696,0.000192,0.000000,0.080852,0.212863,0.000000,0.000000,-35.000000,-35.000000,-35.000000,-35.000000,1
20.292187,1788506818.809973955,car4,1.549181,0.106474,0.129247,0.075711,0.100000,0.000000,0.000000,0.158317,0.007904,-0.000959,0.000000,0.100000,0.158514,0.000000,0.000000,35.000000,35.000000,35.000000,35.000000,1
20.292187,1788506818.809973955,car5,1.549007,0.597359,0.123613,-0.009493,0.100000,0.000000,0.000000,0.072110,-0.014012,-0.006104,0.000000,0.100000,0.073459,0.000000,0.000000,35.000000,35.000000,35.000000,35.000000,1
20.494329,1788506819.020080566,car4,1.589518,0.107805,0.129447,-0.016470,0.066063,-0.008439,0.000000,0.198899,0.009019,-0.000804,0.000000,0.066600,0.199104,0.000000,0.000000,-35.000000,-35.000000,-35.000000,-35.000000,1
20.494329,1788506819.020080566,car5,1.546817,0.597187,0.123406,0.019030,0.133937,0.008439,0.000000,-0.023743,-0.000071,-0.001611,0.000000,0.134203,0.023743,0.000000,0.000000,42.483937,37.296966,38.819333,40.961570,1
20.696031,1788506819.219944715,car4,1.573071,0.110228,0.129009,-0.000712,0.113642,-0.010344,0.000000,-0.065005,0.010762,-0.001657,0.000000,0.114112,0.065889,0.000000,0.000000,41.401930,35.000000,35.000000,41.458897,1
20.696031,1788506819.219944715,car5,1.590150,0.597277,0.122677,0.036526,0.086358,0.010344,0.000000,0.197014,-0.001466,-0.001332,0.000000,0.086975,0.197019,0.000000,0.000000,-35.000000,-35.000000,-35.000000,-35.000000,1
20.897677,1788506819.420217514,car4,1.595638,0.109754,0.128568,0.013782,0.100000,0.000000,0.000000,0.087291,-0.002344,-0.001349,0.000000,0.100000,0.087323,0.000000,0.000000,35.000000,35.000000,35.000000,35.000000,1
20.897677,1788506819.420217514,car5,1.606845,0.598113,0.123086,0.052387,0.100000,0.000000,0.000000,0.132727,0.004641,-0.000368,0.000000,0.100000,0.132808,0.000000,0.000000,35.000000,-35.000000,35.000000,35.000000,1
21.100275,1788506819.620044470,car4,1.638594,0.110026,0.128268,0.029016,0.069791,-0.010152,0.000000,0.212400,0.001683,-0.002634,0.000000,0.070525,0.212407,0.000000,0.000000,-35.000000,-35.000000,-35.000000,-35.000000,1
21.100275,1788506819.620044470,car5,1.600626,0.597267,0.123372,0.073204,0.130209,0.010152,0.000000,-0.056895,-0.004383,-0.001588,0.000000,0.130604,0.057063,0.000000,0.000000,48.363261,37.350741,43.207071,42.506931,1
21.302267,1788506819.820147038,car4,1.636832,0.108695,0.128091,0.002308,0.100000,0.000000,0.000000,0.015672,-0.007159,0.000007,0.000000,0.100000,0.017230,0.000000,0.000000,35.000000,35.000000,35.000000,35.000000,1
21.302267,1788506819.820147038,car5,1.642983,0.601038,0.123238,0.049381,0.100000,0.000000,0.000000,0.196818,0.017928,-0.001998,0.000000,0.100000,0.197633,0.000000,0.000000,35.000000,-35.000000,35.000000,35.000000,1
21.505952,1788506820.029973030,car4,1.651098,0.107377,0.128558,0.007830,0.126719,-0.003952,0.000000,0.056854,-0.005852,-0.000195,0.000000,0.126781,0.057155,0.000000,0.000000,35.000000,35.000000,35.000000,35.000000,1
21.505952,1788506820.029973030,car5,1.684629,0.602417,0.122562,-0.055504,0.073281,0.003952,0.000000,0.216076,0.006272,-0.003909,0.000000,0.073387,0.216167,0.000000,0.000000,-35.000000,-35.000000,-35.000000,-35.000000,1
21.707860,1788506820.230073214,car4,1.690960,0.106761,0.127018,0.002491,0.081392,-0.003015,0.000000,0.195331,-0.002845,-0.002948,0.000000,0.081448,0.195352,0.000000,0.000000,35.000000,-35.000000,-35.000000,35.000000,1
21.707860,1788506820.230073214,car5,1.667656,0.602984,0.121610,0.002170,0.118608,0.003015,0.000000,-0.079155,0.006467,-0.004795,0.000000,0.118646,0.079419,0.000000,0.000000,42.547145,35.612015,35.785613,42.373547,1
21.909889,1788506820.429908752,car4,1.710754,0.107116,0.127737,0.006730,0.100000,0.000000,0.000000,0.143294,0.001514,-0.000560,0.000000,0.100000,0.143302,0.000000,0.000000,35.000000,-35.000000,35.000000,35.000000,1
21.909889,1788506820.429908752,car5,1.695279,0.602682,0.121867,0.036161,0.100000,0.000000,0.000000,0.114859,-0.005712,0.000246,0.000000,0.100000,0.115001,0.000000,0.000000,35.000000,35.000000,35.000000,35.000000,1
22.111611,1788506820.629898071,car4,1.710381,0.106585,0.127441,-0.031360,0.126297,-0.001243,0.000000,-0.024902,-0.003876,-0.002095,0.000000,0.126303,0.025202,0.000000,0.000000,37.792347,38.016851,35.508063,40.301134,1
22.111611,1788506820.629898071,car5,1.743375,0.605025,0.122422,0.037968,0.073703,0.001243,0.000000,0.227265,0.010188,-0.001709,0.000000,0.073713,0.227493,0.000000,0.000000,-35.000000,-35.000000,-35.000000,-35.000000,1
22.314655,1788506820.839900255,car4,1.746882,0.106170,0.126501,0.029557,0.100000,0.000000,0.000000,0.166905,0.001503,-0.003455,0.000000,0.100000,0.166911,0.000000,0.000000,35.000000,35.000000,35.000000,35.000000,1
22.314655,1788506820.839900255,car5,1.740665,0.604182,0.121663,0.036015,0.100000,0.000000,0.000000,0.005480,-0.003769,-0.004603,0.000000,0.100000,0.006651,0.000000,0.000000,35.000000,35.000000,35.000000,35.000000,1
22.516351,1788506821.040296793,car4,1.787976,0.107487,0.126049,-0.174669,0.064296,-0.003893,0.000000,0.223267,0.000462,-0.002724,0.000000,0.064414,0.223267,0.000000,0.000000,-35.000000,-35.000000,-35.000000,-35.000000,1
22.516351,1788506821.040296793,car5,1.743035,0.602586,0.120325,0.035146,0.135704,0.003893,0.000000,-0.016490,-0.008323,-0.002693,0.000000,0.135760,0.018471,0.000000,0.000000,47.876870,40.047529,42.859171,45.065228,1
22.718169,1788506821.240204811,car4,1.767251,0.111389,0.126462,-0.107970,0.117223,-0.005199,0.000000,-0.092517,0.022124,0.001940,0.000000,0.117338,0.095126,0.000000,0.000000,38.053646,41.319842,35.000000,46.691233,1
22.718169,1788506821.240204811,car5,1.788817,0.604879,0.120282,0.040357,0.082777,0.005199,0.000000,0.220946,0.012268,-0.003297,0.000000,0.082940,0.221286,0.000000,0.000000,35.000000,-35.000000,-35.000000,-35.000000,1
22.920349,1788506821.440120935,car4,1.795147,0.108268,0.126137,-0.095658,0.121334,0.003166,0.000000,0.120101,-0.014203,-0.001624,0.000000,0.121376,0.120938,0.000000,0.000000,35.000000,35.000000,35.000000,35.000000,1
22.920349,1788506821.440120935,car5,1.821882,0.612236,0.120203,-0.144347,0.078666,-0.003166,0.000000,0.196206,0.030073,0.000691,0.000000,0.078729,0.198497,0.000000,0.000000,-35.000000,-35.000000,-35.000000,35.000000,1
23.122327,1788506821.639939070,car4,1.835202,0.105947,0.125212,-0.039624,0.079363,0.004622,0.000000,0.203814,-0.014219,-0.004781,0.000000,0.079498,0.204309,0.000000,0.000000,-35.000000,-35.000000,-35.000000,-35.000000,1
23.122327,1788506821.639939070,car5,1.809344,0.611738,0.120043,-0.131936,0.120637,-0.004622,0.000000,-0.080585,0.003245,-0.001210,0.000000,0.120725,0.080650,0.000000,0.000000,38.350646,48.042997,37.488108,48.905535,1
23.324694,1788506821.850064754,car4,1.841085,0.105454,0.125211,-0.017475,0.100000,0.000000,0.000000,0.052983,-0.001684,-0.001412,0.000000,0.100000,0.053010,0.000000,0.000000,35.000000,35.000000,35.000000,35.000000,1
23.324694,1788506821.850064754,car5,1.842824,0.607337,0.120609,-0.076379,0.100000,0.000000,0.000000,0.152884,-0.019698,0.001633,0.000000,0.100000,0.154148,0.000000,0.000000,35.000000,35.000000,35.000000,35.000000,1
23.526710,1788506822.049903154,car4,1.843779,0.105655,0.125967,0.018626,0.129577,-0.000190,0.000000,-0.007519,0.001500,0.001532,0.000000,0.129578,0.007667,0.000000,0.000000,43.836507,35.733453,37.223547,42.346412,1
23.526710,1788506822.049903154,car5,1.880925,0.605416,0.120191,-0.028083,0.070423,0.000190,0.000000,0.237318,-0.025573,-0.000926,0.000000,0.070423,0.238692,0.000000,0.000000,-35.000000,-35.000000,-35.000000,-35.000000,1
23.728879,1788506822.250412464,car4,1.891832,0.107561,0.124530,0.007092,0.080556,-0.002234,0.000000,0.226389,0.008247,-0.004259,0.000000,0.080587,0.226539,0.000000,0.000000,-35.000000,-35.000000,-35.000000,-35.000000,1
23.728879,1788506822.250412464,car5,1.867478,0.604763,0.120208,-0.008605,0.119444,0.002234,0.000000,-0.084756,0.008989,0.011498,0.000000,0.119465,0.085232,0.000000,0.000000,42.745190,38.478626,37.790230,43.433587,1
23.932061,1788506822.450583935,car4,1.912177,0.107007,0.124280,-0.034179,0.076731,-0.002248,0.000000,0.134327,-0.005087,-0.000572,0.000000,0.076764,0.134423,0.000000,0.000000,-35.000000,-35.000000,-35.000000,35.000000,1
23.932061,1788506822.450583935,car5,1.883006,0.604189,0.119088,0.002003,0.123269,0.002248,0.000000,0.048775,-0.001905,-0.004786,0.000000,0.123289,0.048812,0.000000,0.000000,36.602032,35.000000,35.000000,36.441772,1
24.135196,1788506822.660075188,car4,1.906466,0.107235,0.124254,0.043808,0.125317,-0.002435,0.000000,-0.045001,0.001827,0.000050,0.000000,0.125341,0.045039,0.000000,0.000000,47.081786,35.000000,35.398231,43.577115,1
24.135196,1788506822.660075188,car5,1.938223,0.604181,0.119028,-0.010163,0.074683,0.002435,0.000000,0.258197,-0.002789,-0.001783,0.000000,0.074722,0.258212,0.000000,0.000000,-35.000000,-35.000000,-35.000000,-35.000000,1
24.337379,1788506822.860126257,car4,1.941218,0.107487,0.123772,0.040864,0.100000,0.000000,0.000000,0.167632,0.002149,-0.001278,0.000000,0.100000,0.167646,0.000000,0.000000,35.000000,35.000000,35.000000,35.000000,1
24.337379,1788506822.860126257,car5,1.940986,0.604638,0.118465,0.033622,0.100000,0.000000,0.000000,0.065373,0.002978,-0.001433,0.000000,0.100000,0.065441,0.000000,0.000000,35.000000,35.000000,35.000000,35.000000,1
24.539823,1788506823.059989691,car4,1.981919,0.106028,0.124608,0.042263,0.069577,-0.000542,0.000000,0.210082,-0.003470,0.001084,0.000000,0.069579,0.210111,0.000000,0.000000,-35.000000,-35.000000,-35.000000,-35.000000,1
24.539823,1788506823.059989691,car5,1.943701,0.605346,0.118957,-0.044698,0.130423,0.000542,0.000000,-0.015219,0.004518,0.001489,0.000000,0.130424,0.015876,0.000000,0.000000,40.899470,43.867668,40.291836,44.475302,1
24.742254,1788506823.259998083,car4,1.963257,0.105712,0.124167,-0.036908,0.118874,-0.002439,0.000000,-0.076588,-0.002679,-0.001625,0.000000,0.118900,0.076635,0.000000,0.000000,38.558852,38.702376,35.749740,41.511488,1
24.742254,1788506823.259998083,car5,1.986896,0.602657,0.118334,0.009772,0.081126,0.002439,0.000000,0.197243,-0.012505,-0.002101,0.000000,0.081162,0.197639,0.000000,0.000000,35.000000,35.000000,35.000000,35.000000,1
24.945255,1788506823.469978571,car4,1.991530,0.104108,0.123295,0.002749,0.129691,-0.000858,0.000000,0.116701,-0.007570,-0.001301,0.000000,0.129694,0.116947,0.000000,0.000000,35.000000,35.000000,35.000000,35.000000,1
24.945255,1788506823.469978571,car5,2.028820,0.603031,0.118472,0.031386,0.070309,0.000858,0.000000,0.257424,0.000790,-0.004752,0.000000,0.070314,0.257426,0.000000,0.000000,-35.000000,-35.000000,-35.000000,-35.000000,1
25.147641,1788506823.669999599,car4,2.035936,0.103793,0.123460,0.026868,0.082557,-0.001291,0.000000,0.221723,-0.002576,-0.001060,0.000000,0.082567,0.221738,0.000000,0.000000,-35.000000,-35.000000,-35.000000,-35.000000,1
25.147641,1788506823.669999599,car5,2.014096,0.602177,0.118326,0.010863,0.117443,0.001291,0.000000,-0.105325,-0.011064,-0.005100,0.000000,0.117450,0.105905,0.000000,0.000000,43.137016,42.439352,43.308414,42.267955,1
25.349703,1788506823.869980812,car4,2.051873,0.103203,0.122965,-0.011224,0.100000,0.000000,0.000000,0.110850,-0.001588,-0.002876,0.000000,0.100000,0.110861,0.000000,0.000000,35.000000,35.000000,35.000000,35.000000,1
25.349703,1788506823.869980812,car5,2.040646,0.603588,0.118197,0.038147,0.100000,0.000000,0.000000,0.110960,0.003078,-0.000155,0.000000,0.100000,0.111003,0.000000,0.000000,35.000000,35.000000,35.000000,35.000000,1
25.552057,1788506824.070053816,car4,2.052559,0.104140,0.122746,0.020133,0.124845,0.001239,0.000000,-0.016291,0.002852,0.000387,0.000000,0.124852,0.016539,0.000000,0.000000,39.648746,35.000000,35.000000,38.038067,1
25.552057,1788506824.070053816,car5,2.083719,0.605694,0.118017,0.030553,0.075155,-0.001239,0.000000,0.230401,0.012439,-0.000874,0.000000,0.075165,0.230737,0.000000,0.000000,-35.000000,-35.000000,-35.000000,-35.000000,1
25.754669,1788506824.280068159,car4,2.089680,0.104959,0.123152,0.040616,0.100000,0.000000,0.000000,0.171763,0.002913,-0.000683,0.000000,0.100000,0.171788,0.000000,0.000000,35.000000,35.000000,35.000000,35.000000,1
25.754669,1788506824.280068159,car5,2.098472,0.611036,0.118054,-0.104263,0.100000,0.000000,0.000000,-0.021148,0.029329,-0.002593,0.000000,0.100000,0.036159,0.000000,0.000000,35.000000,35.000000,35.000000,35.000000,1
25.956821,1788506824.480003834,car4,2.135161,0.104655,0.123151,0.006052,0.072036,0.004754,0.000000,0.224022,-0.000101,-0.001327,0.000000,0.072193,0.224022,0.000000,0.000000,-35.000000,-35.000000,-35.000000,-35.000000,1
25.956821,1788506824.480003834,car5,2.100055,0.610623,0.118382,-0.099879,0.127964,-0.004754,0.000000,-0.013922,0.002788,-0.000915,0.000000,0.128052,0.014198,0.000000,0.000000,37.004570,44.158338,36.168014,44.994894,1
26.158998,1788506824.679915667,car4,2.110359,0.106257,0.121998,0.023994,0.123432,-0.001031,0.000000,-0.090767,0.006388,-0.003076,0.000000,0.123437,0.090992,0.000000,0.000000,46.212175,35.900424,37.819924,44.292675,1
26.158998,1788506824.679915667,car5,2.139736,0.604965,0.117353,-0.001298,0.076568,0.001031,0.000000,0.193246,-0.031033,-0.000451,0.000000,0.076575,0.195722,0.000000,0.000000,-35.000000,35.000000,35.000000,-35.000000,1
26.361199,1788506824.879879951,car4,2.136105,0.104476,0.122501,0.028893,0.132304,0.001971,0.000000,0.097731,-0.007907,0.001225,0.000000,0.132319,0.098050,0.000000,0.000000,35.000000,35.000000,35.000000,35.000000,1
26.361199,1788506824.879879951,car5,2.176713,0.606953,0.119588,0.032518,0.067696,-0.001971,0.000000,0.197892,0.003497,0.005493,0.000000,0.067725,0.197923,0.000000,0.000000,-35.000000,-35.000000,-35.000000,-35.000000,1
26.565871,1788506825.090325356,car4,2.179785,0.104906,0.122464,-0.012240,0.077310,0.001339,0.000000,0.209149,0.001203,-0.003113,0.000000,0.077322,0.209152,0.000000,0.000000,-35.000000,-35.000000,-35.000000,-35.000000,1
26.565871,1788506825.090325356,car5,2.151344,0.606585,0.119549,-0.049182,0.122690,-0.001339,0.000000,0.026796,0.002570,0.006527,0.000000,0.122697,0.026919,0.000000,0.000000,35.000000,35.000000,35.000000,35.000000,1
26.768182,1788506825.290059090,car4,2.194398,0.105385,0.122160,-0.058553,0.054706,0.002669,0.000000,0.103213,0.002042,-0.000790,0.000000,0.054771,0.103234,0.000000,0.000000,-35.000000,-35.000000,-35.000000,-35.000000,1
26.768182,1788506825.290059090,car5,2.137146,0.608758,0.118499,-0.037973,0.145294,-0.002669,0.000000,-0.104638,0.011691,-0.004335,0.000000,0.145318,0.105289,0.000000,0.000000,58.068497,58.628993,55.591165,61.106324,1
26.970373,1788506825.490002394,car4,2.180236,0.106525,0.122445,0.067070,0.100000,0.000000,0.000000,-0.087201,0.005306,0.001685,0.000000,0.100000,0.087362,0.000000,0.000000,45.462124,35.000000,35.000000,40.096516,1
26.970373,1788506825.490002394,car5,2.187983,0.608584,0.118364,0.015269,0.100000,0.000000,0.000000,0.235507,-0.003691,-0.002153,0.000000,0.100000,0.235535,0.000000,0.000000,35.000000,35.000000,35.000000,35.000000,1
27.172810,1788506825.689963341,car4,2.213841,0.107384,0.122215,0.057634,0.100000,0.000000,0.000000,0.157958,0.006210,-0.000986,0.000000,0.100000,0.158080,0.000000,0.000000,35.000000,35.000000,35.000000,35.000000,1
27.172810,1788506825.689963341,car5,2.226817,0.610164,0.118582,0.033362,0.100000,0.000000,0.000000,0.279589,0.014873,0.000585,0.000000,0.100000,0.279985,0.000000,0.000000,-35.000000,-35.000000,-35.000000,-35.000000,1
27.375923,1788506825.900440216,car4,2.257553,0.109602,0.122921,0.017102,0.065061,-0.001871,0.000000,0.207392,0.008562,0.001958,0.000000,0.065088,0.207569,0.000000,0.000000,-35.000000,-35.000000,-35.000000,-35.000000,1
27.375923,1788506825.900440216,car5,2.213590,0.607248,0.118381,0.011504,0.134939,0.001871,0.000000,-0.091985,-0.005922,0.000716,0.000000,0.134952,0.092176,0.000000,0.000000,48.340307,46.398798,47.319150,47.419955,1
27.578084,1788506826.100125790,car4,2.247156,0.109267,0.121994,0.003622,0.100000,0.000000,0.000000,-0.020064,0.001700,-0.001979,0.000000,0.100000,0.020136,0.000000,0.000000,35.000000,35.000000,35.000000,35.000000,1
27.578084,1788506826.100125790,car5,2.243771,0.607942,0.118079,0.027599,0.100000,0.000000,0.000000,0.114904,0.003075,-0.000261,0.000000,0.100000,0.114945,0.000000,0.000000,35.000000,35.000000,35.000000,35.000000,1
27.780397,1788506826.299869061,car4,2.258704,0.109743,0.122467,0.056775,0.116974,-0.000899,0.000000,0.033547,-0.000118,0.001367,0.000000,0.116977,0.033547,0.000000,0.000000,39.449173,35.000000,35.000000,35.000000,1
27.780397,1788506826.299869061,car5,2.279954,0.608618,0.118660,0.041904,0.083026,0.000899,0.000000,0.247724,0.001329,0.002639,0.000000,0.083031,0.247727,0.000000,0.000000,-35.000000,-35.000000,-35.000000,-35.000000,1
27.983084,1788506826.500262022,car4,2.294129,0.110723,0.122534,0.022130,0.100000,0.000000,0.000000,0.176780,0.005304,0.000977,0.000000,0.100000,0.176859,0.000000,0.000000,35.000000,35.000000,35.000000,35.000000,1
27.983084,1788506826.500262022,car5,2.282110,0.612061,0.117092,-0.095319,0.100000,0.000000,0.000000,-0.064073,-0.001992,-0.015913,0.000000,0.100000,0.064104,0.000000,0.000000,35.000000,38.806651,35.000000,35.000000,1
28.186335,1788506826.710802317,car4,2.340859,0.109018,0.123302,0.002687,0.061113,0.000409,0.000000,0.229387,-0.004277,0.002450,0.000000,0.061114,0.229427,0.000000,0.000000,-35.000000,-35.000000,-35.000000,-35.000000,1
28.186335,1788506826.710802317,car5,2.291852,0.609534,0.118601,-0.035668,0.138887,-0.000409,0.000000,0.031965,-0.011566,0.007183,0.000000,0.138888,0.033993,0.000000,0.000000,38.160342,45.239107,42.385689,41.013760,1
28.388570,1788506826.910158873,car4,2.320289,0.107933,0.122969,0.019667,0.118831,0.003716,0.000000,-0.080429,-0.005656,0.000059,0.000000,0.118889,0.080627,0.000000,0.000000,42.303472,35.796014,37.369403,40.730084,1
28.388570,1788506826.910158873,car5,2.343874,0.612587,0.117160,-0.007804,0.081169,-0.003716,0.000000,0.251258,0.011662,-0.003861,0.000000,0.081254,0.251529,0.000000,0.000000,-35.000000,-35.000000,-35.000000,-35.000000,1
28.590690,1788506827.109874725,car4,2.348173,0.108337,0.123455,0.023021,0.100000,0.000000,0.000000,0.119277,-0.001231,-0.000078,0.000000,0.100000,0.119284,0.000000,0.000000,35.000000,35.000000,35.000000,35.000000,1
28.590690,1788506827.109874725,car5,2.363274,0.612793,0.115400,-0.097801,0.100000,0.000000,0.000000,0.265404,0.013240,-0.007567,0.000000,0.100000,0.265734,0.000000,0.000000,-35.000000,-35.000000,-35.000000,-35.000000,1
28.793251,1788506827.309986115,car4,2.389090,0.109388,0.122476,0.042342,0.081666,0.001675,0.000000,0.202391,0.002497,-0.003812,0.000000,0.081683,0.202406,0.000000,0.000000,-35.000000,-35.000000,-35.000000,-35.000000,1
28.793251,1788506827.309986115,car5,2.366131,0.611485,0.114938,-0.000049,0.118334,-0.001675,0.000000,0.206890,0.008522,-0.007969,0.000000,0.118346,0.207065,0.000000,0.000000,35.000000,-35.000000,-35.000000,35.000000,1
28.996076,1788506827.520361185,car4,2.395786,0.111430,0.122309,-0.070842,0.044178,0.001207,0.000000,0.042282,0.007917,0.000037,0.000000,0.044195,0.043017,0.000000,0.000000,-35.000000,-35.000000,-35.000000,35.000000,1
28.996076,1788506827.520361185,car5,2.324813,0.612964,0.117942,-0.062532,0.155822,-0.001207,0.000000,-0.132187,-0.002959,-0.003279,0.000000,0.155826,0.132220,0.000000,0.000000,56.155275,66.081702,61.079123,61.157854,1
29.198625,1788506827.719998598,car4,2.381806,0.111224,0.122842,-0.029314,0.100000,0.000000,0.000000,-0.091337,-0.000048,0.002342,0.000000,0.100000,0.091337,0.000000,0.000000,38.910466,37.135869,35.000000,41.255624,1
29.198625,1788506827.719998598,car5,2.373847,0.612724,0.115736,0.011663,0.100000,0.000000,0.000000,0.225929,-0.000983,-0.004900,0.000000,0.100000,0.225931,0.000000,0.000000,35.000000,35.000000,35.000000,35.000000,1
29.401532,1788506827.919915199,car4,2.412170,0.109825,0.122708,-0.051493,0.117853,0.001394,0.000000,0.145194,-0.003023,-0.002094,0.000000,0.117862,0.145225,0.000000,0.000000,35.000000,35.000000,35.000000,35.000000,1
29.401532,1788506827.919915199,car5,2.434525,0.611571,0.119397,0.002041,0.082147,-0.001394,0.000000,0.295103,-0.007254,0.008522,0.000000,0.082158,0.295192,0.000000,0.000000,-35.000000,-35.000000,-35.000000,-35.000000,1
29.605160,1788506828.130286932,car4,2.458667,0.109003,0.121782,-0.026699,0.067131,0.002176,0.000000,0.209222,-0.004663,-0.000941,0.000000,0.067166,0.209274,0.000000,0.000000,-35.000000,-35.000000,-35.000000,-35.000000,1
29.605160,1788506828.130286932,car5,2.417341,0.611738,0.117764,0.035199,0.132869,-0.002176,0.000000,-0.093892,0.002699,-0.004785,0.000000,0.132887,0.093931,0.000000,0.000000,46.374019,35.384439,38.200319,43.558138,1
29.808193,1788506828.329988003,car4,2.454953,0.107851,0.122181,-0.009292,0.070664,0.002013,0.000000,0.015957,-0.006300,0.000878,0.000000,0.070693,0.017156,0.000000,0.000000,35.000000,35.000000,35.000000,35.000000,1
29.808193,1788506828.329988003,car5,2.418112,0.610379,0.117526,0.051917,0.129336,-0.002013,0.000000,-0.038343,-0.006671,-0.002841,0.000000,0.129352,0.038919,0.000000,0.000000,52.444579,40.609587,44.762982,48.291183,1
30.010502,1788506828.530171394,car4,2.450922,0.107552,0.121939,-0.014072,0.100000,0.000000,0.000000,-0.044691,-0.001117,-0.000702,0.000000,0.100000,0.044705,0.000000,0.000000,35.970348,35.000000,35.000000,37.096086,1
30.010502,1788506828.530171394,car5,2.464479,0.612321,0.117668,0.047887,0.100000,0.000000,0.000000,0.126164,0.000097,0.001915,0.000000,0.100000,0.126164,0.000000,0.000000,35.000000,35.000000,35.000000,35.000000,1
30.212778,1788506828.729892731,car4,2.491594,0.107943,0.121568,0.062635,0.130762,0.006458,0.000000,0.200577,0.000432,-0.000868,0.000000,0.130921,0.200578,0.000000,0.000000,35.000000,35.000000,35.000000,35.000000,1
30.212778,1788506828.729892731,car5,2.530251,0.616058,0.114768,0.045371,0.069238,-0.006458,0.000000,0.206137,0.008074,-0.004787,0.000000,0.069539,0.206295,0.000000,0.000000,35.000000,-35.000000,-35.000000,-35.000000,1
30.416025,1788506828.939825773,car4,2.536350,0.110875,0.120648,0.040782,0.100000,0.000000,0.000000,0.211396,0.011532,-0.005562,0.000000,0.100000,0.211710,0.000000,0.000000,35.000000,-35.000000,-35.000000,35.000000,1
30.416025,1788506828.939825773,car5,2.530251,0.616058,0.114768,0.045371,0.100000,0.000000,0.000000,0.206137,0.008074,-0.004787,0.000000,0.100000,0.206295,0.000000,0.000000,35.000000,-35.000000,-35.000000,35.000000,1
30.618058,1788506829.139887333,car4,2.564827,0.107520,0.120205,-0.032712,0.115972,0.006563,0.000000,0.147874,-0.016478,-0.003670,0.000000,0.116157,0.148790,0.000000,0.000000,35.000000,35.000000,35.000000,35.000000,1
30.618058,1788506829.139887333,car5,2.584824,0.615736,0.113741,-0.047156,0.084028,-0.006563,0.000000,0.044404,-0.058176,0.000318,0.000000,0.084284,0.073186,0.000000,0.000000,35.000000,35.000000,35.000000,35.000000,1
30.820269,1788506829.339975834,car4,2.601586,0.107629,0.119704,0.027578,0.100000,0.000000,0.000000,0.180361,0.001736,-0.003717,0.000000,0.100000,0.180369,0.000000,0.000000,-35.000000,-35.000000,-35.000000,-35.000000,1
30.820269,1788506829.339975834,car5,2.601285,0.614537,0.113911,0.188425,0.100000,0.000000,0.000000,0.045118,-0.030655,0.000828,0.000000,0.100000,0.054547,0.000000,0.000000,35.000000,35.000000,35.000000,35.000000,1
31.022776,1788506829.539923191,car4,2.615909,0.109321,0.119715,-0.062635,0.100000,0.000000,0.000000,0.096260,0.009839,-0.000957,0.000000,0.100000,0.096761,0.000000,0.000000,35.000000,35.000000,35.000000,35.000000,1
31.022776,1788506829.539923191,car5,2.630094,0.619201,0.113431,0.238096,0.100000,0.000000,0.000000,0.136038,0.008875,-0.005490,0.000000,0.100000,0.136327,0.000000,0.000000,35.000000,-35.000000,35.000000,35.000000,1
31.226211,1788506829.749839783,car4,2.617440,0.110068,0.119165,0.021535,0.130933,0.012415,0.000000,-0.012029,0.003200,-0.000223,0.000000,0.131520,0.012447,0.000000,0.000000,35.000000,35.107194,36.829986,35.000000,1
31.226211,1788506829.749839783,car5,2.656337,0.625680,0.111958,0.267053,0.069067,-0.012415,0.000000,0.165619,0.021002,-0.004343,0.000000,0.070174,0.166946,0.000000,0.000000,35.000000,-35.000000,-35.000000,-35.000000,1
31.428141,1788506829.949865103,car4,2.653352,0.110765,0.119386,0.046371,0.127960,0.022050,0.000000,0.179838,0.002673,-0.001442,0.000000,0.129846,0.179858,0.000000,0.000000,35.000000,35.000000,35.000000,35.000000,1
31.428141,1788506829.949865103,car5,2.688541,0.638516,0.111865,-0.226205,0.072040,-0.022050,0.000000,0.090347,0.018028,-0.018937,0.000000,0.075339,0.092128,0.000000,0.000000,-35.000000,35.000000,-35.000000,35.000000,1
31.630534,1788506830.150110006,car4,2.697107,0.114909,0.117847,-0.025764,0.085143,0.011490,0.000000,0.218616,0.016681,-0.005956,0.000000,0.085915,0.219252,0.000000,0.000000,-35.000000,-35.000000,-35.000000,-35.000000,1
31.630534,1788506830.150110006,car5,2.678501,0.629299,0.112342,0.025910,0.114857,-0.011490,0.000000,0.052490,0.002747,-0.012745,0.000000,0.115430,0.052562,0.000000,0.000000,35.000000,35.000000,35.000000,35.000000,1
31.832859,1788506830.349874496,car4,2.699572,0.119983,0.117702,-0.206369,0.083939,0.007105,0.000000,0.034705,0.030171,-0.000960,0.000000,0.084240,0.045986,0.000000,0.000000,-35.000000,35.000000,35.000000,35.000000,1
31.832859,1788506830.349874496,car5,2.679463,0.628879,0.112243,0.049628,0.116061,-0.007105,0.000000,0.065864,-0.010786,-0.011921,0.000000,0.116278,0.066741,0.000000,0.000000,35.000000,35.000000,35.000000,35.000000,1
32.036118,1788506830.559862852,car4,2.698443,0.123598,0.118132,-0.006730,0.129691,0.009049,0.000000,-0.013911,0.017151,0.000133,0.000000,0.130006,0.022083,0.000000,0.000000,35.152176,36.197860,35.659495,35.690541,1
32.036118,1788506830.559862852,car5,2.735749,0.634967,0.110746,0.271269,0.070309,-0.009049,0.000000,0.164161,0.046779,-0.001656,0.000000,0.070889,0.170696,0.000000,0.000000,35.000000,-35.000000,-35.000000,-35.000000,1
32.238425,1788506830.749936581,car4,2.733696,0.122975,0.116972,0.064350,0.100000,0.000000,0.000000,0.170208,-0.001180,-0.004793,0.000000,0.100000,0.170212,0.000000,0.000000,35.000000,35.000000,35.000000,35.000000,1
32.238425,1788506830.749936581,car5,2.735749,0.634967,0.110746,0.271269,0.100000,0.000000,0.000000,0.164161,0.046779,-0.001656,0.000000,0.100000,0.170696,0.000000,0.000000,35.000000,-35.000000,-35.000000,-35.000000,1
32.440803,1788506830.960108519,car4,2.769839,0.124004,0.116869,-0.040718,0.085721,0.020886,0.000000,0.192642,0.002153,-0.004781,0.000000,0.088229,0.192654,0.000000,0.000000,-35.000000,-35.000000,-35.000000,-35.000000,1
32.440803,1788506830.960108519,car5,2.751929,0.650201,0.109021,-0.391366,0.114279,-0.020886,0.000000,-0.036637,0.037936,-0.005939,0.000000,0.116172,0.052739,0.000000,0.000000,35.000000,45.024910,35.000000,45.867564,1
32.643962,1788506831.169847965,car4,2.762932,0.127866,0.117390,-0.122562,0.100000,0.000000,0.000000,-0.028079,0.023602,-0.001540,0.000000,0.100000,0.036681,0.000000,0.000000,35.000000,35.000000,35.000000,35.000000,1
32.643962,1788506831.169847965,car5,2.771511,0.642453,0.109569,-0.317365,0.100000,0.000000,0.000000,0.054927,-0.018318,-0.000845,0.000000,0.100000,0.057901,0.000000,0.000000,-35.000000,35.000000,35.000000,35.000000,1
32.846138,1788506831.369963408,car4,2.788523,0.125356,0.116606,-0.196011,0.100000,0.000000,0.000000,0.106560,-0.011123,0.002780,0.000000,0.100000,0.107139,0.000000,0.000000,-35.000000,35.000000,35.000000,35.000000,1
32.846138,1788506831.369963408,car5,2.801031,0.635570,0.109046,-0.152522,0.100000,0.000000,0.000000,0.118029,-0.033316,-0.000408,0.000000,0.100000,0.122641,0.000000,0.000000,-35.000000,35.000000,35.000000,35.000000,1
33.048508,1788506831.559971571,car4,2.778603,0.128881,0.116802,-0.301300,0.117909,0.005341,0.000000,-0.038556,0.012697,0.002739,0.000000,0.118030,0.040593,0.000000,0.000000,35.000000,56.962640,35.000000,35.000000,1
33.048508,1788506831.559971571,car5,2.801031,0.635570,0.109046,-0.152522,0.082091,-0.005341,0.000000,0.118029,-0.033316,-0.000408,0.000000,0.082265,0.122641,0.000000,0.000000,-35.000000,35.000000,-35.000000,35.000000,1
33.250697,1788506831.769844294,car4,2.805263,0.126274,0.115171,-0.109201,0.142578,-0.002594,0.000000,0.111312,-0.012861,-0.004017,0.000000,0.142602,0.112052,0.000000,0.000000,35.000000,37.572965,35.000000,35.000000,1
33.250697,1788506831.769844294,car5,2.859012,0.622999,0.109452,1.278523,0.057422,0.002594,0.000000,0.119632,-0.044054,-0.003739,0.000000,0.057480,0.127486,0.000000,0.000000,35.000000,-35.000000,35.000000,-35.000000,1
33.453177,1788506831.969881058,car4,2.849613,0.121372,0.116110,-0.061265,0.100000,0.000000,0.000000,0.221729,-0.021051,-0.002572,0.000000,0.100000,0.222726,0.000000,0.000000,-35.000000,35.000000,35.000000,-35.000000,1
33.453177,1788506831.969881058,car5,2.855243,0.635172,0.109880,1.028437,0.100000,0.000000,0.000000,-0.012456,0.048804,0.003245,0.000000,0.100000,0.050369,0.000000,0.000000,65.362274,-60.117503,-35.000000,35.000000,1
33.656207,1788506832.179900646,car4,2.867440,0.123656,0.115400,-0.098293,0.100000,0.000000,0.000000,0.079219,0.009287,0.001364,0.000000,0.100000,0.079761,0.000000,0.000000,35.000000,35.000000,35.000000,35.000000,1
33.656207,1788506832.179900646,car5,2.855352,0.635552,0.110239,0.525265,0.100000,0.000000,0.000000,-0.010841,0.036825,0.002065,0.000000,0.100000,0.038388,0.000000,0.000000,67.518321,-35.000000,35.000000,35.000000,1
33.858334,1788506832.379975319,car4,2.886654,0.122238,0.114738,-0.094754,0.075057,0.010609,0.000000,0.070743,-0.005775,0.001951,0.000000,0.075803,0.070978,0.000000,0.000000,-35.000000,35.000000,35.000000,35.000000,1
33.858334,1788506832.379975319,car5,2.855352,0.635552,0.110239,0.525265,0.124943,-0.010609,0.000000,-0.010841,0.036825,0.002065,0.000000,0.125393,0.038388,0.000000,0.000000,88.556747,-35.000000,35.000000,46.535573,1
34.060544,1788506832.580000639,car4,2.914448,0.123660,0.114885,2.263803,0.095336,0.015349,0.000000,0.153401,0.002287,-0.003667,0.000000,0.096563,0.153418,0.000000,0.000000,35.000000,-52.422613,35.000000,-35.000000,1
34.060544,1788506832.580000639,car5,2.908610,0.642873,0.108242,-0.267069,0.104664,-0.015349,0.000000,0.039407,0.032238,-0.000317,0.000000,0.105784,0.050914,0.000000,0.000000,35.595203,35.000000,35.000000,56.960717,1
34.262678,1788506832.780083895,car4,2.920120,0.126654,0.114991,2.010021,0.121877,-0.000636,0.000000,0.032936,0.020680,0.003601,0.000000,0.121878,0.038890,0.000000,0.000000,35.000000,-84.908846,-35.000000,-35.000000,1
34.262678,1788506832.780083895,car5,2.947536,0.625857,0.109228,-0.453342,0.078123,0.000636,0.000000,0.114256,-0.040479,0.009691,0.000000,0.078126,0.121214,0.000000,0.000000,-35.000000,35.000000,-35.000000,35.000000,1
34.465561,1788506832.989850998,car4,2.905921,0.130658,0.115035,-0.587829,0.149064,-0.011237,0.000000,-0.077544,0.014060,0.003708,0.000000,0.149487,0.078809,0.000000,0.000000,-35.000000,100.000000,54.188152,36.253662,1
34.465561,1788506832.989850998,car5,2.968101,0.616418,0.108691,-0.452311,0.050936,0.011237,0.000000,0.140693,-0.058643,0.007009,0.000000,0.052160,0.152426,0.000000,0.000000,-35.000000,35.000000,-35.000000,35.000000,1
34.667873,1788506833.189838171,car4,2.930499,0.125931,0.115237,2.067728,0.129928,-0.007572,0.000000,0.104962,-0.014103,-0.001098,0.000000,0.130148,0.105905,0.000000,0.000000,35.274804,-60.604215,-35.000000,-35.000000,1
34.667873,1788506833.189838171,car5,2.968101,0.616418,0.108691,-0.452311,0.070072,0.007572,0.000000,0.140693,-0.058643,0.007009,0.000000,0.070480,0.152426,0.000000,0.000000,-35.000000,35.000000,-35.000000,35.000000,1
34.870519,1788506833.389870405,car4,2.964906,0.123449,0.115455,-0.211198,0.100000,0.000000,0.000000,0.180848,-0.016910,-0.000453,0.000000,0.100000,0.181636,0.000000,0.000000,-35.000000,35.000000,35.000000,35.000000,1
34.870519,1788506833.389870405,car5,2.968101,0.616418,0.108691,-0.452311,0.100000,0.000000,0.000000,0.140693,-0.058643,0.007009,0.000000,0.100000,0.152426,0.000000,0.000000,-35.000000,35.000000,-35.000000,35.000000,1
35.072949,1788506833.589823008,car4,2.986212,0.122737,0.114242,-0.045523,0.085529,-0.005049,0.000000,0.092241,-0.002032,-0.000368,0.000000,0.085678,0.092264,0.000000,0.000000,35.000000,35.000000,35.000000,35.000000,1
35.072949,1788506833.589823008,car5,2.968101,0.616418,0.108691,-0.452311,0.114471,0.005049,0.000000,0.140693,-0.058643,0.007009,0.000000,0.114582,0.152426,0.000000,0.000000,-35.000000,35.000000,-35.000000,35.000000,1
35.276320,1788506833.790163279,car4,3.017871,0.120783,0.114836,0.001199,0.060520,-0.003462,0.000000,0.158953,-0.007545,0.000283,0.000000,0.060619,0.159132,0.000000,0.000000,-35.000000,35.000000,35.000000,-35.000000,1
35.276320,1788506833.790163279,car5,2.968101,0.616418,0.108691,-0.452311,0.139480,0.003462,0.000000,0.140693,-0.058643,0.007009,0.000000,0.139523,0.152426,0.000000,0.000000,-35.000000,35.000000,-35.000000,35.000000,1
35.478582,1788506833.929857492,car4,3.035568,0.124954,0.114574,2.272035,0.046862,-0.006723,0.000000,0.156975,0.014764,-0.001647,0.000000,0.047342,0.157667,0.000000,0.000000,35.000000,-35.000000,44.250797,-50.259509,1
35.478582,1788506833.929857492,car5,2.968101,0.616418,0.108691,-0.452311,0.153138,0.006723,0.000000,0.140693,-0.058643,0.007009,0.000000,0.153285,0.152426,0.000000,0.000000,-35.000000,43.256173,35.000000,35.000000,1
35.680946,1788506834.180016279,car4,3.039940,0.130819,0.114673,-0.259906,0.043559,-0.011315,0.000000,0.015100,0.023856,-0.002024,0.000000,0.045005,0.028233,0.000000,0.000000,-35.000000,35.000000,35.000000,35.000000,1
35.680946,1788506834.180016279,car5,2.968101,0.616418,0.108691,-0.452311,0.156441,0.011315,0.000000,0.140693,-0.058643,0.007009,0.000000,0.156849,0.152426,0.000000,0.000000,-36.193655,47.993899,35.000000,-35.000000,1
35.884166,1788506834.410115719,car4,3.054349,0.131998,0.114723,-0.028906,0.109164,-0.040356,0.000000,0.081424,0.005980,-0.006105,0.000000,0.116384,0.081643,0.000000,0.000000,35.000000,35.000000,35.000000,35.000000,1
35.884166,1788506834.410115719,car5,3.065910,0.581084,0.108786,-0.500413,0.090836,0.040356,0.000000,0.105146,-0.038304,0.002470,0.000000,0.099397,0.111906,0.000000,0.000000,-61.877306,35.000000,-35.000000,-35.000000,1
36.086615,1788506834.590200663,car4,3.084012,0.130613,0.114800,-0.063868,0.085655,-0.039251,0.000000,0.151596,-0.002255,-0.001442,0.000000,0.094220,0.151613,0.000000,0.000000,35.000000,35.000000,35.000000,35.000000,1
36.086615,1788506834.590200663,car5,3.065910,0.581084,0.108786,-0.500413,0.114345,0.039251,0.000000,0.105146,-0.038304,0.002470,0.000000,0.120895,0.111906,0.000000,0.000000,-63.578225,41.637002,35.000000,-35.000000,1
36.289139,1788506834.809842825,car4,3.110790,0.132240,0.114135,-0.584823,0.064653,-0.040290,0.000000,0.125954,0.002656,-0.000418,0.000000,0.076179,0.125982,0.000000,0.000000,-35.000000,37.453371,-35.000000,35.000000,1
36.289139,1788506834.809842825,car5,3.065910,0.581084,0.108786,-0.500413,0.135347,0.040290,0.000000,0.105146,-0.038304,0.002470,0.000000,0.141216,0.111906,0.000000,0.000000,-65.477661,54.555315,35.000000,-35.000000,1
36.491640,1788506835.009857416,car4,3.115161,0.133388,0.113537,-0.423985,0.061279,-0.041121,0.000000,0.052701,0.006208,-0.004315,0.000000,0.073798,0.053066,0.000000,0.000000,-35.000000,35.325328,35.000000,35.000000,1
36.491640,1788506835.009857416,car5,3.065910,0.581084,0.108786,-0.500413,0.138721,0.041121,0.000000,0.105146,-0.038304,0.002470,0.000000,0.144687,0.111906,0.000000,0.000000,-69.583855,60.300853,35.000000,-35.000000,1
36.695985,1788506835.219897270,car4,3.133466,0.134488,0.112519,2.196746,0.047283,-0.041674,0.000000,0.067778,0.007227,-0.004756,0.000000,0.063027,0.068162,0.000000,0.000000,35.000000,-35.000000,35.000000,-55.345701,1
36.695985,1788506835.219897270,car5,3.065910,0.581084,0.108786,-0.500413,0.152717,0.041674,0.000000,0.105146,-0.038304,0.002470,0.000000,0.158301,0.111906,0.000000,0.000000,-72.352039,70.791422,35.000000,-35.000000,1
36.898272,1788506835.399894238,car4,3.146973,0.137039,0.112084,1.700529,0.037215,-0.043338,0.000000,0.090076,0.006574,0.000454,0.000000,0.057124,0.090315,0.000000,0.000000,35.000000,-35.000000,35.000000,-57.231785,1
36.898272,1788506835.399894238,car5,3.065910,0.581084,0.108786,-0.500413,0.162785,0.043338,0.000000,0.105146,-0.038304,0.002470,0.000000,0.168455,0.111906,0.000000,0.000000,-70.996365,75.487234,35.454228,-35.000000,1
37.100523,1788506835.589918852,car4,3.152426,0.145954,0.112686,-1.212280,0.033423,-0.049919,0.000000,0.037851,0.037654,0.001889,0.000000,0.060075,0.053390,0.000000,0.000000,-35.000000,60.826603,35.000000,43.819891,1
37.100523,1788506835.589918852,car5,3.065910,0.581084,0.108786,-0.500413,0.166577,0.049919,0.000000,0.105146,-0.038304,0.002470,0.000000,0.173896,0.111906,0.000000,0.000000,-71.925767,77.595025,37.562019,-35.000000,1
37.303048,1788506835.819862843,car4,3.158337,0.141346,0.113614,-0.593660,0.008680,-0.016371,0.000000,0.042255,-0.015540,-0.001381,0.000000,0.018530,0.045022,0.000000,0.000000,-35.000000,35.000000,-35.000000,35.000000,1
37.303048,1788506835.819862843,car5,3.038466,0.619857,0.109737,1.107648,0.191320,0.016371,0.000000,0.067592,-0.018322,0.001937,0.000000,0.192019,0.070032,0.000000,0.000000,60.666258,-42.486956,35.000000,35.000000,1
37.505693,1788506836.029995918,car4,3.163155,0.136021,0.113866,2.340317,0.006934,0.000334,0.000000,0.030519,-0.032221,-0.001706,0.000000,0.006942,0.044380,0.000000,0.000000,35.000000,-35.000000,43.814724,-35.000000,1
37.505693,1788506836.029995918,car5,3.040951,0.636460,0.108097,1.081133,0.193066,-0.000334,0.000000,0.121688,0.052487,-0.030446,0.000000,0.193067,0.132525,0.000000,0.000000,55.787781,-57.886487,35.000000,-35.000000,1
37.708256,1788506836.229852438,car4,3.168871,0.137494,0.112695,2.276587,0.004295,0.003233,0.000000,0.018083,0.004278,-0.000119,0.000000,0.005375,0.018582,0.000000,0.000000,35.000000,-35.000000,44.251662,-36.107160,1
37.708256,1788506836.229852438,car5,3.042812,0.641753,0.109184,1.037269,0.195705,-0.003233,0.000000,0.115164,0.085363,-0.017238,0.000000,0.195732,0.143351,0.000000,0.000000,61.167939,-69.543741,-35.000000,35.000000,1
37.910162,1788506836.429886580,car4,3.173357,0.140865,0.111421,2.037844,0.001243,0.000672,0.000000,0.025847,0.023917,-0.008022,0.000000,0.001413,0.035215,0.000000,0.000000,35.000000,-35.000000,44.362333,-42.065133,1
37.910162,1788506836.429886580,car5,3.042812,0.641753,0.109184,1.037269,0.198757,-0.000672,0.000000,0.115164,0.085363,-0.017238,0.000000,0.198758,0.143351,0.000000,0.000000,66.731241,-75.889266,-35.000000,35.000000,1
