time_s,mocap_time_s,source_id,target_id,desired_x,desired_y,desired_z,actual_x,actual_y,actual_z,edge_valid,edge_error_m
0.000000,1788750686.778821230,car4,car5,0.000000000,0.500000000,0.000000000,0.253784537,-0.405886188,0.000000000,1,0.940763720
0.000000,1788750686.778821230,car5,car4,0.000000000,-0.500000000,0.000000000,-0.253784537,0.405886188,0.000000000,1,0.940763720
0.201728,1788750686.978686810,car4,car5,0.000000000,0.500000000,0.000000000,0.256577134,-0.405324668,0.000000000,1,0.940980648
0.201728,1788750686.978686810,car5,car4,0.000000000,-0.500000000,0.000000000,-0.256577134,0.405324668,0.000000000,1,0.940980648
0.403364,1788750687.178705454,car4,car5,0.000000000,0.500000000,0.000000000,0.294961095,-0.368172042,0.000000000,1,0.916910433
0.403364,1788750687.178705454,car5,car4,0.000000000,-0.500000000,0.000000000,-0.294961095,0.368172042,0.000000000,1,0.916910433
0.606974,1788750687.368704796,car4,car5,0.000000000,0.500000000,0.000000000,0.294967294,-0.326994702,0.000000000,1,0.878023885
0.606974,1788750687.368704796,car5,car4,0.000000000,-0.500000000,0.000000000,-0.294967294,0.326994702,0.000000000,1,0.878023885
0.808529,1788750687.588719130,car4,car5,0.000000000,0.500000000,0.000000000,0.294631600,-0.262402967,0.000000000,1,0.817353084
0.808529,1788750687.588719130,car5,car4,0.000000000,-0.500000000,0.000000000,-0.294631600,0.262402967,0.000000000,1,0.817353084
1.017125,1788750687.778692484,car4,car5,0.000000000,0.500000000,0.000000000,0.289059043,-0.197598306,0.000000000,1,0.755114910
1.017125,1788750687.778692484,car5,car4,0.000000000,-0.500000000,0.000000000,-0.289059043,0.197598306,0.000000000,1,0.755114910
1.219532,1788750687.998682976,car4,car5,0.000000000,0.500000000,0.000000000,0.280940175,-0.143871239,0.000000000,1,0.702493811
1.219532,1788750687.998682976,car5,car4,0.000000000,-0.500000000,0.000000000,-0.280940175,0.143871239,0.000000000,1,0.702493811
1.421269,1788750688.198753119,car4,car5,0.000000000,0.500000000,0.000000000,0.237373948,-0.035054006,0.000000000,1,0.585345351
1.421269,1788750688.198753119,car5,car4,0.000000000,-0.500000000,0.000000000,-0.237373948,0.035054006,0.000000000,1,0.585345351
1.623403,1788750688.288696527,car4,car5,0.000000000,0.500000000,0.000000000,0.213015079,-0.000254136,0.000000000,1,0.543718332
1.623403,1788750688.288696527,car5,car4,0.000000000,-0.500000000,0.000000000,-0.213015079,0.000254136,0.000000000,1,0.543718332
1.826236,1788750688.608654499,car4,car5,0.000000000,0.500000000,0.000000000,0.142416835,0.090608485,0.000000000,1,0.433455842
1.826236,1788750688.608654499,car5,car4,0.000000000,-0.500000000,0.000000000,-0.142416835,-0.090608485,0.000000000,1,0.433455842
2.028037,1788750688.738787174,car4,car5,0.000000000,0.500000000,0.000000000,0.002383828,0.160755176,0.000000000,1,0.339253199
2.028037,1788750688.738787174,car5,car4,0.000000000,-0.500000000,0.000000000,-0.002383828,-0.160755176,0.000000000,1,0.339253199
2.230764,1788750688.988741875,car4,car5,0.000000000,0.500000000,0.000000000,-0.020100594,0.182345420,0.000000000,1,0.318289909
2.230764,1788750688.988741875,car5,car4,0.000000000,-0.500000000,0.000000000,0.020100594,-0.182345420,0.000000000,1,0.318289909
2.432692,1788750689.118757725,car4,car5,0.000000000,0.500000000,0.000000000,-0.017244816,0.188001588,0.000000000,1,0.312474627
2.432692,1788750689.118757725,car5,car4,0.000000000,-0.500000000,0.000000000,0.017244816,-0.188001588,0.000000000,1,0.312474627
2.634853,1788750689.118757725,car4,car5,0.000000000,0.500000000,0.000000000,-0.017244816,0.188001588,0.000000000,1,0.312474627
2.634853,1788750689.118757725,car5,car4,0.000000000,-0.500000000,0.000000000,0.017244816,-0.188001588,0.000000000,1,0.312474627
2.836761,1788750689.118757725,car4,car5,0.000000000,0.500000000,0.000000000,-0.017244816,0.188001588,0.000000000,1,0.312474627
2.836761,1788750689.118757725,car5,car4,0.000000000,-0.500000000,0.000000000,0.017244816,-0.188001588,0.000000000,1,0.312474627
3.038826,1788750689.708719015,car4,car5,0.000000000,0.500000000,0.000000000,-0.003306985,0.277774274,0.000000000,1,0.222250330
3.038826,1788750689.708719015,car5,car4,0.000000000,-0.500000000,0.000000000,0.003306985,-0.277774274,0.000000000,1,0.222250330
3.240950,1788750689.708719015,car4,car5,0.000000000,0.500000000,0.000000000,-0.003306985,0.277774274,0.000000000,1,0.222250330
3.240950,1788750689.708719015,car5,car4,0.000000000,-0.500000000,0.000000000,0.003306985,-0.277774274,0.000000000,1,0.222250330
3.442703,1788750690.208663702,car4,car5,0.000000000,0.500000000,0.000000000,-0.047182441,0.301977679,0.000000000,1,0.203565769
3.442703,1788750690.208663702,car5,car4,0.000000000,-0.500000000,0.000000000,0.047182441,-0.301977679,0.000000000,1,0.203565769
3.645376,1788750690.378715038,car4,car5,0.000000000,0.500000000,0.000000000,-0.062268615,0.309123263,0.000000000,1,0.200776765
3.645376,1788750690.378715038,car5,car4,0.000000000,-0.500000000,0.000000000,0.062268615,-0.309123263,0.000000000,1,0.200776765
3.847774,1788750690.629042864,car4,car5,0.000000000,0.500000000,0.000000000,0.233421206,0.406519160,0.000000000,1,0.251444084
3.847774,1788750690.629042864,car5,car4,0.000000000,-0.500000000,0.000000000,-0.233421206,-0.406519160,0.000000000,1,0.251444084
4.049669,1788750690.818785906,car4,car5,0.000000000,0.500000000,0.000000000,0.271188319,0.397085220,0.000000000,1,0.290059574
4.049669,1788750690.818785906,car5,car4,0.000000000,-0.500000000,0.000000000,-0.271188319,-0.397085220,0.000000000,1,0.290059574
4.252639,1788750691.028782129,car4,car5,0.000000000,0.500000000,0.000000000,0.201553345,0.429540060,0.000000000,1,0.213514294
4.252639,1788750691.028782129,car5,car4,0.000000000,-0.500000000,0.000000000,-0.201553345,-0.429540060,0.000000000,1,0.213514294
4.454850,1788750691.218768597,car4,car5,0.000000000,0.500000000,0.000000000,0.149599195,0.444616169,0.000000000,1,0.159522060
4.454850,1788750691.218768597,car5,car4,0.000000000,-0.500000000,0.000000000,-0.149599195,-0.444616169,0.000000000,1,0.159522060
4.658691,1788750691.438842058,car4,car5,0.000000000,0.500000000,0.000000000,0.115260005,0.466885835,0.000000000,1,0.119922545
4.658691,1788750691.438842058,car5,car4,0.000000000,-0.500000000,0.000000000,-0.115260005,-0.466885835,0.000000000,1,0.119922545
4.860424,1788750691.628827333,car4,car5,0.000000000,0.500000000,0.000000000,0.130292058,0.499272734,0.000000000,1,0.130294088
4.860424,1788750691.628827333,car5,car4,0.000000000,-0.500000000,0.000000000,-0.130292058,-0.499272734,0.000000000,1,0.130294088
5.062187,1788750691.828834772,car4,car5,0.000000000,0.500000000,0.000000000,0.147538185,0.536707968,0.000000000,1,0.152036150
5.062187,1788750691.828834772,car5,car4,0.000000000,-0.500000000,0.000000000,-0.147538185,-0.536707968,0.000000000,1,0.152036150
5.264525,1788750692.038671732,car4,car5,0.000000000,0.500000000,0.000000000,0.167352796,0.557534158,0.000000000,1,0.176966487
5.264525,1788750692.038671732,car5,car4,0.000000000,-0.500000000,0.000000000,-0.167352796,-0.557534158,0.000000000,1,0.176966487
5.467379,1788750692.238937140,car4,car5,0.000000000,0.500000000,0.000000000,0.130216837,0.550423816,0.000000000,1,0.139638769
5.467379,1788750692.238937140,car5,car4,0.000000000,-0.500000000,0.000000000,-0.130216837,-0.550423816,0.000000000,1,0.139638769
5.670534,1788750692.438649178,car4,car5,0.000000000,0.500000000,0.000000000,0.077644348,0.534994543,0.000000000,1,0.085166090
5.670534,1788750692.438649178,car5,car4,0.000000000,-0.500000000,0.000000000,-0.077644348,-0.534994543,0.000000000,1,0.085166090
5.872463,1788750692.628694296,car4,car5,0.000000000,0.500000000,0.000000000,0.056526184,0.532075688,0.000000000,1,0.064992763
5.872463,1788750692.628694296,car5,car4,0.000000000,-0.500000000,0.000000000,-0.056526184,-0.532075688,0.000000000,1,0.064992763
6.075720,1788750692.848661900,car4,car5,0.000000000,0.500000000,0.000000000,0.087516963,0.530228540,0.000000000,1,0.092590407
6.075720,1788750692.848661900,car5,car4,0.000000000,-0.500000000,0.000000000,-0.087516963,-0.530228540,0.000000000,1,0.092590407
6.277760,1788750693.048644781,car4,car5,0.000000000,0.500000000,0.000000000,0.074718118,0.543437734,0.000000000,1,0.086427044
6.277760,1788750693.048644781,car5,car4,0.000000000,-0.500000000,0.000000000,-0.074718118,-0.543437734,0.000000000,1,0.086427044
6.479616,1788750693.258699894,car4,car5,0.000000000,0.500000000,0.000000000,0.075976431,0.548335299,0.000000000,1,0.090048427
6.479616,1788750693.258699894,car5,car4,0.000000000,-0.500000000,0.000000000,-0.075976431,-0.548335299,0.000000000,1,0.090048427
6.681575,1788750693.448729515,car4,car5,0.000000000,0.500000000,0.000000000,0.082754433,0.556525439,0.000000000,1,0.100216872
6.681575,1788750693.448729515,car5,car4,0.000000000,-0.500000000,0.000000000,-0.082754433,-0.556525439,0.000000000,1,0.100216872
6.883345,1788750693.658849478,car4,car5,0.000000000,0.500000000,0.000000000,0.090707600,0.576038793,0.000000000,1,0.118362860
6.883345,1788750693.658849478,car5,car4,0.000000000,-0.500000000,0.000000000,-0.090707600,-0.576038793,0.000000000,1,0.118362860
7.085766,1788750693.848713160,car4,car5,0.000000000,0.500000000,0.000000000,0.103999615,0.607811034,0.000000000,1,0.149796992
7.085766,1788750693.848713160,car5,car4,0.000000000,-0.500000000,0.000000000,-0.103999615,-0.607811034,0.000000000,1,0.149796992
7.287527,1788750694.068820477,car4,car5,0.000000000,0.500000000,0.000000000,0.126917243,0.666003317,0.000000000,1,0.208961929
7.287527,1788750694.068820477,car5,car4,0.000000000,-0.500000000,0.000000000,-0.126917243,-0.666003317,0.000000000,1,0.208961929
7.489210,1788750694.268893719,car4,car5,0.000000000,0.500000000,0.000000000,0.158214271,0.718163908,0.000000000,1,0.269494427
7.489210,1788750694.268893719,car5,car4,0.000000000,-0.500000000,0.000000000,-0.158214271,-0.718163908,0.000000000,1,0.269494427
7.692770,1788750694.459197998,car4,car5,0.000000000,0.500000000,0.000000000,0.183944046,0.764942110,0.000000000,1,0.322536407
7.692770,1788750694.459197998,car5,car4,0.000000000,-0.500000000,0.000000000,-0.183944046,-0.764942110,0.000000000,1,0.322536407
7.895319,1788750694.678900719,car4,car5,0.000000000,0.500000000,0.000000000,0.209181488,0.806357697,0.000000000,1,0.370960824
7.895319,1788750694.678900719,car5,car4,0.000000000,-0.500000000,0.000000000,-0.209181488,-0.806357697,0.000000000,1,0.370960824
8.096990,1788750694.858755350,car4,car5,0.000000000,0.500000000,0.000000000,0.225612640,0.843111128,0.000000000,1,0.410641339
8.096990,1788750694.858755350,car5,car4,0.000000000,-0.500000000,0.000000000,-0.225612640,-0.843111128,0.000000000,1,0.410641339
8.298669,1788750695.068835974,car4,car5,0.000000000,0.500000000,0.000000000,0.242968976,0.881235078,0.000000000,1,0.452077547
8.298669,1788750695.068835974,car5,car4,0.000000000,-0.500000000,0.000000000,-0.242968976,-0.881235078,0.000000000,1,0.452077547
8.500689,1788750695.278864861,car4,car5,0.000000000,0.500000000,0.000000000,0.256317556,0.903563276,0.000000000,1,0.478081590
8.500689,1788750695.278864861,car5,car4,0.000000000,-0.500000000,0.000000000,-0.256317556,-0.903563276,0.000000000,1,0.478081590
8.702714,1788750695.479098082,car4,car5,0.000000000,0.500000000,0.000000000,0.286714017,0.930705853,0.000000000,1,0.517409373
8.702714,1788750695.479098082,car5,car4,0.000000000,-0.500000000,0.000000000,-0.286714017,-0.930705853,0.000000000,1,0.517409373
8.905294,1788750695.688779354,car4,car5,0.000000000,0.500000000,0.000000000,0.288178980,0.870807424,0.000000000,1,0.469622477
8.905294,1788750695.688779354,car5,car4,0.000000000,-0.500000000,0.000000000,-0.288178980,-0.870807424,0.000000000,1,0.469622477
9.106928,1788750695.888828993,car4,car5,0.000000000,0.500000000,0.000000000,0.279065907,0.800233945,0.000000000,1,0.409900235
9.106928,1788750695.888828993,car5,car4,0.000000000,-0.500000000,0.000000000,-0.279065907,-0.800233945,0.000000000,1,0.409900235
9.308536,1788750696.078701496,car4,car5,0.000000000,0.500000000,0.000000000,0.250220120,0.774716744,0.000000000,1,0.371590363
9.308536,1788750696.078701496,car5,car4,0.000000000,-0.500000000,0.000000000,-0.250220120,-0.774716744,0.000000000,1,0.371590363
9.510236,1788750696.288845778,car4,car5,0.000000000,0.500000000,0.000000000,0.221604109,0.715575382,0.000000000,1,0.309161974
9.510236,1788750696.288845778,car5,car4,0.000000000,-0.500000000,0.000000000,-0.221604109,-0.715575382,0.000000000,1,0.309161974
9.712414,1788750696.488791704,car4,car5,0.000000000,0.500000000,0.000000000,0.181229591,0.678067986,0.000000000,1,0.254071589
9.712414,1788750696.488791704,car5,car4,0.000000000,-0.500000000,0.000000000,-0.181229591,-0.678067986,0.000000000,1,0.254071589
9.915172,1788750696.698888302,car4,car5,0.000000000,0.500000000,0.000000000,0.127331734,0.642879523,0.000000000,1,0.191384243
9.915172,1788750696.698888302,car5,car4,0.000000000,-0.500000000,0.000000000,-0.127331734,-0.642879523,0.000000000,1,0.191384243
10.117310,1788750696.878777266,car4,car5,0.000000000,0.500000000,0.000000000,0.091010928,0.609855250,0.000000000,1,0.142657509
10.117310,1788750696.878777266,car5,car4,0.000000000,-0.500000000,0.000000000,-0.091010928,-0.609855250,0.000000000,1,0.142657509
10.319315,1788750697.098737717,car4,car5,0.000000000,0.500000000,0.000000000,0.065307200,0.574525893,0.000000000,1,0.099091569
10.319315,1788750697.098737717,car5,car4,0.000000000,-0.500000000,0.000000000,-0.065307200,-0.574525893,0.000000000,1,0.099091569
10.520942,1788750697.288808346,car4,car5,0.000000000,0.500000000,0.000000000,0.043336272,0.549973965,0.000000000,1,0.066147030
10.520942,1788750697.288808346,car5,car4,0.000000000,-0.500000000,0.000000000,-0.043336272,-0.549973965,0.000000000,1,0.066147030
10.722833,1788750697.468718052,car4,car5,0.000000000,0.500000000,0.000000000,0.030906916,0.529177770,0.000000000,1,0.042503879
10.722833,1788750697.468718052,car5,car4,0.000000000,-0.500000000,0.000000000,-0.030906916,-0.529177770,0.000000000,1,0.042503879
10.924850,1788750697.708863258,car4,car5,0.000000000,0.500000000,0.000000000,0.039849401,0.512622193,0.000000000,1,0.041800651
10.924850,1788750697.708863258,car5,car4,0.000000000,-0.500000000,0.000000000,-0.039849401,-0.512622193,0.000000000,1,0.041800651
11.126863,1788750697.868731976,car4,car5,0.000000000,0.500000000,0.000000000,0.031342626,0.515026689,0.000000000,1,0.034758618
11.126863,1788750697.868731976,car5,car4,0.000000000,-0.500000000,0.000000000,-0.031342626,-0.515026689,0.000000000,1,0.034758618
11.328506,1788750698.108747959,car4,car5,0.000000000,0.500000000,0.000000000,-0.023596704,0.504884705,0.000000000,1,0.024096987
11.328506,1788750698.108747959,car5,car4,0.000000000,-0.500000000,0.000000000,0.023596704,-0.504884705,0.000000000,1,0.024096987
11.530252,1788750698.308817863,car4,car5,0.000000000,0.500000000,0.000000000,0.005586505,0.493987814,0.000000000,1,0.008207035
11.530252,1788750698.308817863,car5,car4,0.000000000,-0.500000000,0.000000000,-0.005586505,-0.493987814,0.000000000,1,0.008207035
11.732038,1788750698.508805275,car4,car5,0.000000000,0.500000000,0.000000000,0.033329666,0.494384512,0.000000000,1,0.033799413
11.732038,1788750698.508805275,car5,car4,0.000000000,-0.500000000,0.000000000,-0.033329666,-0.494384512,0.000000000,1,0.033799413
11.933762,1788750698.708869696,car4,car5,0.000000000,0.500000000,0.000000000,-0.006155074,0.497241989,0.000000000,1,0.006744743
11.933762,1788750698.708869696,car5,car4,0.000000000,-0.500000000,0.000000000,0.006155074,-0.497241989,0.000000000,1,0.006744743
12.136911,1788750698.888995647,car4,car5,0.000000000,0.500000000,0.000000000,-0.040981948,0.487785727,0.000000000,1,0.042763402
12.136911,1788750698.888995647,car5,car4,0.000000000,-0.500000000,0.000000000,0.040981948,-0.487785727,0.000000000,1,0.042763402
12.338888,1788750699.118881464,car4,car5,0.000000000,0.500000000,0.000000000,0.028058946,0.487939522,0.000000000,1,0.030541113
12.338888,1788750699.118881464,car5,car4,0.000000000,-0.500000000,0.000000000,-0.028058946,-0.487939522,0.000000000,1,0.030541113
12.540630,1788750699.308804035,car4,car5,0.000000000,0.500000000,0.000000000,0.018221438,0.494396836,0.000000000,1,0.019063480
12.540630,1788750699.308804035,car5,car4,0.000000000,-0.500000000,0.000000000,-0.018221438,-0.494396836,0.000000000,1,0.019063480
12.744792,1788750699.518785954,car4,car5,0.000000000,0.500000000,0.000000000,-0.058963239,0.493920900,0.000000000,1,0.059275788
12.744792,1788750699.518785954,car5,car4,0.000000000,-0.500000000,0.000000000,0.058963239,-0.493920900,0.000000000,1,0.059275788
12.947011,1788750699.728879452,car4,car5,0.000000000,0.500000000,0.000000000,-0.003555119,0.492404588,0.000000000,1,0.008386248
12.947011,1788750699.728879452,car5,car4,0.000000000,-0.500000000,0.000000000,0.003555119,-0.492404588,0.000000000,1,0.008386248
13.151396,1788750699.928963661,car4,car5,0.000000000,0.500000000,0.000000000,0.028801233,0.487763390,0.000000000,1,0.031292901
13.151396,1788750699.928963661,car5,car4,0.000000000,-0.500000000,0.000000000,-0.028801233,-0.487763390,0.000000000,1,0.031292901
13.353822,1788750700.128732681,car4,car5,0.000000000,0.500000000,0.000000000,-0.043715119,0.488100469,0.000000000,1,0.045305745
13.353822,1788750700.128732681,car5,car4,0.000000000,-0.500000000,0.000000000,0.043715119,-0.488100469,0.000000000,1,0.045305745
13.556389,1788750700.318822145,car4,car5,0.000000000,0.500000000,0.000000000,-0.026367456,0.486798018,0.000000000,1,0.029487880
13.556389,1788750700.318822145,car5,car4,0.000000000,-0.500000000,0.000000000,0.026367456,-0.486798018,0.000000000,1,0.029487880
13.758029,1788750700.538847446,car4,car5,0.000000000,0.500000000,0.000000000,0.032682329,0.490209572,0.000000000,1,0.034117256
13.758029,1788750700.538847446,car5,car4,0.000000000,-0.500000000,0.000000000,-0.032682329,-0.490209572,0.000000000,1,0.034117256
13.959602,1788750700.738877773,car4,car5,0.000000000,0.500000000,0.000000000,-0.010927796,0.495844595,0.000000000,1,0.011691199
13.959602,1788750700.738877773,car5,car4,0.000000000,-0.500000000,0.000000000,0.010927796,-0.495844595,0.000000000,1,0.011691199
14.161615,1788750700.938874960,car4,car5,0.000000000,0.500000000,0.000000000,-0.037334263,0.492151938,0.000000000,1,0.038150220
14.161615,1788750700.938874960,car5,car4,0.000000000,-0.500000000,0.000000000,0.037334263,-0.492151938,0.000000000,1,0.038150220
14.363890,1788750701.138839483,car4,car5,0.000000000,0.500000000,0.000000000,0.027195245,0.490066864,0.000000000,1,0.028952522
14.363890,1788750701.138839483,car5,car4,0.000000000,-0.500000000,0.000000000,-0.027195245,-0.490066864,0.000000000,1,0.028952522
14.566433,1788750701.348837852,car4,car5,0.000000000,0.500000000,0.000000000,0.012889594,0.488198742,0.000000000,1,0.017476021
14.566433,1788750701.348837852,car5,car4,0.000000000,-0.500000000,0.000000000,-0.012889594,-0.488198742,0.000000000,1,0.017476021
14.768598,1788750701.548834562,car4,car5,0.000000000,0.500000000,0.000000000,-0.043730170,0.487659566,0.000000000,1,0.045438024
14.768598,1788750701.548834562,car5,car4,0.000000000,-0.500000000,0.000000000,0.043730170,-0.487659566,0.000000000,1,0.045438024
14.970695,1788750701.748975277,car4,car5,0.000000000,0.500000000,0.000000000,0.014939636,0.483917415,0.000000000,1,0.021950906
14.970695,1788750701.748975277,car5,car4,0.000000000,-0.500000000,0.000000000,-0.014939636,-0.483917415,0.000000000,1,0.021950906
15.172604,1788750701.918722391,car4,car5,0.000000000,0.500000000,0.000000000,0.044491708,0.484617360,0.000000000,1,0.047075872
15.172604,1788750701.918722391,car5,car4,0.000000000,-0.500000000,0.000000000,-0.044491708,-0.484617360,0.000000000,1,0.047075872
15.375744,1788750702.158881187,car4,car5,0.000000000,0.500000000,0.000000000,-0.038065910,0.482457370,0.000000000,1,0.041913690
15.375744,1788750702.158881187,car5,car4,0.000000000,-0.500000000,0.000000000,0.038065910,-0.482457370,0.000000000,1,0.041913690
15.579037,1788750702.358929396,car4,car5,0.000000000,0.500000000,0.000000000,0.005238116,0.481131777,0.000000000,1,0.019581820
15.579037,1788750702.358929396,car5,car4,0.000000000,-0.500000000,0.000000000,-0.005238116,-0.481131777,0.000000000,1,0.019581820
15.780836,1788750702.558909416,car4,car5,0.000000000,0.500000000,0.000000000,0.052074596,0.479417697,0.000000000,1,0.055994596
15.780836,1788750702.558909416,car5,car4,0.000000000,-0.500000000,0.000000000,-0.052074596,-0.479417697,0.000000000,1,0.055994596
15.982609,1788750702.759026527,car4,car5,0.000000000,0.500000000,0.000000000,-0.015858486,0.476149023,0.000000000,1,0.028641940
15.982609,1788750702.759026527,car5,car4,0.000000000,-0.500000000,0.000000000,0.015858486,-0.476149023,0.000000000,1,0.028641940
16.185693,1788750702.968973875,car4,car5,0.000000000,0.500000000,0.000000000,-0.020324245,0.477698304,0.000000000,1,0.030173508
16.185693,1788750702.968973875,car5,car4,0.000000000,-0.500000000,0.000000000,0.020324245,-0.477698304,0.000000000,1,0.030173508
16.390215,1788750703.158920288,car4,car5,0.000000000,0.500000000,0.000000000,0.026588738,0.482088387,0.000000000,1,0.032059115
16.390215,1788750703.158920288,car5,car4,0.000000000,-0.500000000,0.000000000,-0.026588738,-0.482088387,0.000000000,1,0.032059115
16.592148,1788750703.358856201,car4,car5,0.000000000,0.500000000,0.000000000,-0.010667518,0.498090073,0.000000000,1,0.010837147
16.592148,1788750703.358856201,car5,car4,0.000000000,-0.500000000,0.000000000,0.010667518,-0.498090073,0.000000000,1,0.010837147
16.793865,1788750703.568870544,car4,car5,0.000000000,0.500000000,0.000000000,-0.047669120,0.495760992,0.000000000,1,0.047857227
16.793865,1788750703.568870544,car5,car4,0.000000000,-0.500000000,0.000000000,0.047669120,-0.495760992,0.000000000,1,0.047857227
16.996910,1788750703.638776064,car4,car5,0.000000000,0.500000000,0.000000000,-0.021364033,0.495167807,0.000000000,1,0.021903698
16.996910,1788750703.638776064,car5,car4,0.000000000,-0.500000000,0.000000000,0.021364033,-0.495167807,0.000000000,1,0.021903698
17.198671,1788750703.969155312,car4,car5,0.000000000,0.500000000,0.000000000,0.088009685,0.495883800,0.000000000,1,0.088105890
17.198671,1788750703.969155312,car5,car4,0.000000000,-0.500000000,0.000000000,-0.088009685,-0.495883800,0.000000000,1,0.088105890
17.400439,1788750704.178894043,car4,car5,0.000000000,0.500000000,0.000000000,-0.001620688,0.489305392,0.000000000,1,0.010816713
17.400439,1788750704.178894043,car5,car4,0.000000000,-0.500000000,0.000000000,0.001620688,-0.489305392,0.000000000,1,0.010816713
17.602452,1788750704.378923178,car4,car5,0.000000000,0.500000000,0.000000000,-0.030189350,0.491203628,0.000000000,1,0.031444761
17.602452,1788750704.378923178,car5,car4,0.000000000,-0.500000000,0.000000000,0.030189350,-0.491203628,0.000000000,1,0.031444761
17.804837,1788750704.578764915,car4,car5,0.000000000,0.500000000,0.000000000,0.034918785,0.491010435,0.000000000,1,0.036057369
17.804837,1788750704.578764915,car5,car4,0.000000000,-0.500000000,0.000000000,-0.034918785,-0.491010435,0.000000000,1,0.036057369
18.007911,1788750704.788790226,car4,car5,0.000000000,0.500000000,0.000000000,0.008003969,0.492677152,0.000000000,1,0.010848392
18.007911,1788750704.788790226,car5,car4,0.000000000,-0.500000000,0.000000000,-0.008003969,-0.492677152,0.000000000,1,0.010848392
18.209956,1788750704.988841295,car4,car5,0.000000000,0.500000000,0.000000000,-0.061845096,0.496526107,0.000000000,1,0.061942585
18.209956,1788750704.988841295,car5,car4,0.000000000,-0.500000000,0.000000000,0.061845096,-0.496526107,0.000000000,1,0.061942585
18.411724,1788750705.188766479,car4,car5,0.000000000,0.500000000,0.000000000,-0.000637705,0.494649671,0.000000000,1,0.005388199
18.411724,1788750705.188766479,car5,car4,0.000000000,-0.500000000,0.000000000,0.000637705,-0.494649671,0.000000000,1,0.005388199
18.614178,1788750705.368821383,car4,car5,0.000000000,0.500000000,0.000000000,0.033210440,0.497096822,0.000000000,1,0.033337093
18.614178,1788750705.368821383,car5,car4,0.000000000,-0.500000000,0.000000000,-0.033210440,-0.497096822,0.000000000,1,0.033337093
18.816244,1788750705.598724365,car4,car5,0.000000000,0.500000000,0.000000000,-0.032250393,0.499065898,0.000000000,1,0.032263918
18.816244,1788750705.598724365,car5,car4,0.000000000,-0.500000000,0.000000000,0.032250393,-0.499065898,0.000000000,1,0.032263918
19.018286,1788750705.788797379,car4,car5,0.000000000,0.500000000,0.000000000,-0.033346500,0.498113506,0.000000000,1,0.033399819
19.018286,1788750705.788797379,car5,car4,0.000000000,-0.500000000,0.000000000,0.033346500,-0.498113506,0.000000000,1,0.033399819
19.220158,1788750705.998922586,car4,car5,0.000000000,0.500000000,0.000000000,0.033590540,0.500837766,0.000000000,1,0.033600986
19.220158,1788750705.998922586,car5,car4,0.000000000,-0.500000000,0.000000000,-0.033590540,-0.500837766,0.000000000,1,0.033600986
19.421915,1788750706.199112892,car4,car5,0.000000000,0.500000000,0.000000000,0.002261564,0.504214294,0.000000000,1,0.004782776
19.421915,1788750706.199112892,car5,car4,0.000000000,-0.500000000,0.000000000,-0.002261564,-0.504214294,0.000000000,1,0.004782776
19.623478,1788750706.398809433,car4,car5,0.000000000,0.500000000,0.000000000,-0.063856922,0.503145538,0.000000000,1,0.063934348
19.623478,1788750706.398809433,car5,car4,0.000000000,-0.500000000,0.000000000,0.063856922,-0.503145538,0.000000000,1,0.063934348
19.825452,1788750706.608726025,car4,car5,0.000000000,0.500000000,0.000000000,0.012072459,0.498832263,0.000000000,1,0.012128803
19.825452,1788750706.608726025,car5,car4,0.000000000,-0.500000000,0.000000000,-0.012072459,-0.498832263,0.000000000,1,0.012128803
20.027255,1788750706.808786392,car4,car5,0.000000000,0.500000000,0.000000000,0.018522680,0.499988653,0.000000000,1,0.018522683
20.027255,1788750706.808786392,car5,car4,0.000000000,-0.500000000,0.000000000,-0.018522680,-0.499988653,0.000000000,1,0.018522683
20.229088,1788750707.008794308,car4,car5,0.000000000,0.500000000,0.000000000,-0.036413550,0.503239095,0.000000000,1,0.036557330
20.229088,1788750707.008794308,car5,car4,0.000000000,-0.500000000,0.000000000,0.036413550,-0.503239095,0.000000000,1,0.036557330
20.431632,1788750707.198926687,car4,car5,0.000000000,0.500000000,0.000000000,-0.006104544,0.504636511,0.000000000,1,0.007665683
20.431632,1788750707.198926687,car5,car4,0.000000000,-0.500000000,0.000000000,0.006104544,-0.504636511,0.000000000,1,0.007665683
20.634682,1788750707.418796301,car4,car5,0.000000000,0.500000000,0.000000000,0.045530945,0.509654522,0.000000000,1,0.046543278
20.634682,1788750707.418796301,car5,car4,0.000000000,-0.500000000,0.000000000,-0.045530945,-0.509654522,0.000000000,1,0.046543278
20.836564,1788750707.608803988,car4,car5,0.000000000,0.500000000,0.000000000,-0.014330491,0.511360154,0.000000000,1,0.018287047
20.836564,1788750707.608803988,car5,car4,0.000000000,-0.500000000,0.000000000,0.014330491,-0.511360154,0.000000000,1,0.018287047
21.038258,1788750707.808866501,car4,car5,0.000000000,0.500000000,0.000000000,-0.046749681,0.511278726,0.000000000,1,0.048090980
21.038258,1788750707.808866501,car5,car4,0.000000000,-0.500000000,0.000000000,0.046749681,-0.511278726,0.000000000,1,0.048090980
21.240009,1788750707.999027967,car4,car5,0.000000000,0.500000000,0.000000000,0.026390851,0.508183680,0.000000000,1,0.027630592
21.240009,1788750707.999027967,car5,car4,0.000000000,-0.500000000,0.000000000,-0.026390851,-0.508183680,0.000000000,1,0.027630592
21.441739,1788750708.218795776,car4,car5,0.000000000,0.500000000,0.000000000,0.005665809,0.511235937,0.000000000,1,0.012583628
21.441739,1788750708.218795776,car5,car4,0.000000000,-0.500000000,0.000000000,-0.005665809,-0.511235937,0.000000000,1,0.012583628
21.643653,1788750708.418820620,car4,car5,0.000000000,0.500000000,0.000000000,-0.062751383,0.512319691,0.000000000,1,0.063949283
21.643653,1788750708.418820620,car5,car4,0.000000000,-0.500000000,0.000000000,0.062751383,-0.512319691,0.000000000,1,0.063949283
21.845761,1788750708.628769875,car4,car5,0.000000000,0.500000000,0.000000000,0.005226672,0.511167452,0.000000000,1,0.012330048
21.845761,1788750708.628769875,car5,car4,0.000000000,-0.500000000,0.000000000,-0.005226672,-0.511167452,0.000000000,1,0.012330048
22.047606,1788750708.748855352,car4,car5,0.000000000,0.500000000,0.000000000,0.033762634,0.511884980,0.000000000,1,0.035793410
22.047606,1788750708.748855352,car5,car4,0.000000000,-0.500000000,0.000000000,-0.033762634,-0.511884980,0.000000000,1,0.035793410
